tool_id,nr_samples
lofreq_filter/2.1.5,24209
lofreq_indelqual/2.1.5,23129
lofreq_viterbi/2.1.5,23081
fastp/0.20.1,22778
fastqc/0.72,22011
Add_a_column1/1.6,21753
tp_find_and_replace/1.1.3,21031
snpeff_sars_cov_2/4.5covid19,19375
samtools_stats/2.0.2,19347
Cut1,19186
samtools_view/1.9,18815
lofreq_call/2.1.5,18255
CONVERTER_gz_to_uncompressed,17855
vcfvcfintersect/1.0.0_rc3,15342
snpSift_extractFields/4.3,14508
tp_replace_in_line/1.1.2,10274
trim_galore/0.4.3.1,9348
Filter1,9013
replace_column_with_key_value_file/0.2,8619
bcftools_consensus/1.10,8451
param_value_from_file,7649
cutadapt/1.16.5,7613
ctb_alignit/1.0.4,7211
blastxml_to_top_descr/0.1.1,7183
tab2fasta/1.1.1,6810
datamash_ops/1.1.0,6145
picard_MarkDuplicates/2.18.2.2,5799
ivar_trim/1.3.1,5579
ivar_removereads/1.3.1,5411
snpSift_filter/4.3,5169
bedtools_genomecoveragebed/2.29.2,5079
gops_concat_1/1.0.1,4829
gops_merge_1/1.0.0,4718
gops_subtract_1/1.0.0,4642
samtool_filter2/1.8,4363
mimodd_reheader/0.1.8_1,4111
bwa_mem/0.7.17.1,3843
fastqc/0.73,3468
abricate/1.0.1,3089
fastq_groomer/1.1.5,2901
ivar_trim/1.2.2,2698
vcf2tsv/1.0.0_rc3,2630
Grouping1,2622
ivar_removereads/1.2.2,2408
fastq_to_fasta_python/1.1.5,2339
cat1,2242
CONVERTER_fastq_to_fqtoc0,2024
__SET_METADATA__,1916
samtools_rmdup/2.0.1,1911
Grep1,1875
bamFilter/2.4.1,1664
bg_sortmerna/2.1b.6,1628
CONVERTER_vcf_to_vcf_bgzip_0,1564
Paste1,1556
openbabel_compound_convert/3.1.1,1543
CONVERTER_bam_to_coodinate_sorted_bam,1511
trimmomatic/0.36.5,1478
Add_a_column1/1.3.0,1450
Remove beginning1,1420
CONVERTER_interval_to_bed_0,1417
samtools_fastx/1.9,1376
sdf_to_tab/2020.03.4,1351
gmx_trj/2020.2,1320
tp_grep_tool/1.1.1,1308
genrich/0.5,1205
bedtools_maskfastabed/2.29.2,1164
rbc_mafft/7.221.3,1138
bowtie_wrapper/1.2.0,1135
rdock_rbdock/2013.1-0,1112
Show beginning1,1082
table_compute/0.9.2,1069
iqtree/1.5.5.3,1050
rdock_rbdock/0.1.1,980
velvetoptimiser/2.2.6,954
trinity_align_and_estimate_abundance/2.9.1,930
fastp/0.19.5,930
lofreq_filter/2.1.3.1,901
CONVERTER_bam_to_qname_sorted_bam,898
graphmap_align/0.5.2,874
fasta_merge_files_and_filter_unique_sequences/1.2.0,865
fastp/0.23.2,810
fasta2tab/1.1.1,783
CONVERTER_fasta_to_tabular,776
cshl_fastx_barcode_splitter/1.0.1,773
rxdock_rbdock/0.1.5,767
bowtie2/2.3.4.3,756
abricate/0.9.8,748
cutadapt/3.5,743
tp_sort_header_tool/1.1.1,738
tp_cat/0.1.0,738
featurecounts/2.0.1,719
tp_cut_tool/1.1.0,711
nanoplot/1.28.2,711
featurecounts/1.6.4,710
locarna_best_subtree/0.4,708
rseqc_infer_experiment/2.6.4.1,691
addName/0.2.0,683
fastq_paired_end_interlacer/1.2.0.1,675
cutadapt/3.4,674
trimmomatic/0.38.1,671
multiqc/1.8,660
hisat2/2.1.0,654
cmFinder/0.4,652
sort1,651
comp1,645
ngsutils_bam_filter/0.5.9,636
samtools_fixmate/1.9,630
multiqc/1.9,618
snippy/4.5.0,608
trim_galore/0.4.3.0,602
fasterq_dump/2.10.8,587
miniasm/0.3,583
samtools_idxstats/2.0.3,581
lofreq_viterbi/2.1.3.1,577
prokka/1.14.6,572
diffbind/2.10.0,569
datamash_transpose/1.1.0,566
deseq2/2.11.40.6,558
trim_galore/0.6.7,543
samtools_flagstat/2.0.3,533
qualimap_bamqc/2.2.2d,526
filter_by_fasta_ids/2.1,512
directory_uri,506
metaphlan2/2.6.0.0,505
lastz_wrapper_2/1.3.2,504
collapse_dataset/4.2,496
bamleftalign/1.3.1,496
snpEff/4.3,488
rseqc_geneBody_coverage/2.6.4.3,481
muscle/0.0.11,475
fastq_groomer/1.1.1,468
trim_galore/0.4.2,448
tp_head_tool/1.1.0,448
fasta2tab/1.1.0,447
featureCoverage1/2.0.0,444
fastq_paired_end_joiner/2.0.1.1,442
filter_tabular/2.0.0,440
fasterq_dump/2.11.0,435
seqtk_trimfq/1.3.1,433
umi_tools_extract/0.5.5.1,426
gmx_solvate/2020.4,423
rseqc_read_distribution/2.6.4.1,417
mergeCols1/1.0.2,416
ip_coordinates_of_roi/0.0.4,405
mothur_taxonomy_to_krona/1.0,395
parmconv/20.15,392
bandage_image/0.8.1,376
fasterq_dump/2.10.9,373
tp_awk_tool/1.1.1,361
bowtie2/2.4.2,349
stacks2_populations/2.4,345
roary/3.13.0,342
cshl_fastx_trimmer/1.0.2,341
rseqc_read_duplication/2.6.4,333
Convert characters1,333
CONVERTER_interval_to_bedstrict_0,329
md_converter/1.9.5,325
tp_replace_in_column/1.1.3,323
macs2_callpeak/2.1.1.20160309.6,323
histogram_rpy/1.0.4,323
tp_awk_tool/1.1.2,318
lofreq_indelqual/2.1.4,305
bg_uniq/0.3,305
seq_filter_by_id/0.2.7,301
fastq_to_tabular/1.1.5,299
fasta_concatenate0/0.0.1,299
csv_to_tabular,297
addValue,293
multiqc/1.7,292
mmpbsa_mmgbsa/20.15,292
gops_join_1/1.0.0,288
gops_intersect_1/1.0.0,288
cshl_fastq_quality_filter/1.0.2,286
deg_annotate/1.1.0,285
collection_column_join/0.0.3,285
openbabel_compound_convert/2.4.2.1.0,279
msconvert/3.0.19052.1,278
ctb_alignit/1.0.3.1,277
cutadapt/1.16.1,276
bedtools_bamtobed/2.29.2,275
fasta-stats/1.0.1,274
gemini_query/0.20.1,268
fasttree/2.1.10,265
volcanoplot/0.0.3,264
cd_hit_est/1.2,264
blast_reciprocal_best_hits/0.1.11,263
vcffilter2/1.0.0_rc3,260
fasterq_dump/2.10.4,257
fastq_paired_end_deinterlacer/1.1.5,256
query_tabular/3.0.0,254
filtlong/0.2.0,250
msconvert/3.0.20287.2,249
samtools_merge/1.9,247
seqtk_sample/1.3.2,245
imagecoordinates_flipaxis/0.1,241
clustalw/2.1,241
samtools_mpileup/2.1.4,240
pygenomeTracks/3.6,235
prokka/1.14.5,231
tp_sorted_uniq/1.1.0,227
prinseq/0.20.4,227
quast/5.0.2,220
docking/0.3.0,219
deeptools_alignmentsieve/3.3.2.0.0,219
fasta_filter_by_length/1.2,213
bamtools/2.4.0.0,213
maxbin2/2.2.7,210
tp_easyjoin_tool/1.1.2,208
htseq_count/0.9.1,207
datamash_reverse/1.1.0,205
CONVERTER_bz2_to_uncompressed,204
join1,202
scanpy_plot/1.4.4.post1,201
sample_seqs/0.2.5,201
column_remove_by_header/0.0.1,199
xchem_transfs_scoring/0.4.0,197
sam_to_bam/2.1.1,197
bismark_deduplicate/0.22.1,196
samtools_markdup/1.9,195
purge_dups/1.2.5,195
samtools_sort/2.0.3,194
bwa_mem/0.7.17.2,190
CryptoGenotyper/1.0,189
sdf_to_tab/2019.03.1,188
fastqc/0.71,187
fasterq_dump/2.10.7,187
cutadapt/3.7,187
taxonomy_krona_chart/2.7.1,186
fastq_trimmer/1.1.5,185
addValue/1.0.0,182
tp_cat/0.1.1,180
Extract genomic DNA 1/3.0.3,178
qiime_filter_fasta/1.9.1.0,174
bedtools_bamtofastq/2.27.1,174
medaka_consensus/1.0.3,173
ip_projective_transformation_points/0.0.4,173
rbc_mirdeep2_quantifier/2.0.0,170
ncbi_blastn_wrapper/2.10.1,168
chipseeker/1.18.0,168
macs2_bdgcmp/2.1.1.20160309.0,167
abims_xcms_xcmsSet/3.4.4.1,167
ab1_fastq_converter/1.20.0,167
mummer_nucmer/4.0.0beta2,165
minimap2/2.17,165
fastq_filter/1.1.5,165
deeptools_bam_coverage/3.3.2.0.0,164
pygenomeTracks/3.5,161
meme_chip/4.11.2,161
regex1/1.0.0,159
krona-text/1,159
idr/2.0.3,159
tables_arithmetic_operations/1.0.0,158
tp_sed_tool/1.1.1,155
PlasFlow/1.0,154
CONVERTER_bam_to_bigwig_0,153
star_fusion/0.5.4-3,151
fastq_join/1.1.2-806,149
wig_to_bigWig,148
tp_tail_tool/1.1.0,148
samtools_slice_bam/2.0.1,148
hisat2/2.2.1,145
annotatemyids/3.12.0,145
nanocompore_db/1.0.0rc3.post2,144
sucos_docking_scoring/2020.03.4,143
chira_collapse/1.4.3,143
stringtie/2.1.1,142
rna_star/2.7.2b,141
ggplot2_point/2.2.1,141
taxonomy_krona_chart/2.6.1.1,140
rseqc_bam_stat/2.6.4,138
regex_replace/1.0.0,138
miranda/3.3a,138
tb_profiler_profile/2.8.4,137
barchart_gnuplot,137
edger/3.24.1,135
tabular_to_csv,134
msnbase_readmsdata/2.8.2.1,134
infernal_cmbuild/1.1.2.0,134
openbabel_compound_convert/2.4.2.2.0,133
anndata_inspect/0.6.22.post1,133
goseq/1.36.0,131
featurestein/1.1.4,131
tetoolkit_tetranscripts/2.2.1,130
trimmomatic/0.36.4,129
pyprophet_peptide/2.1.4.0,129
mash_sketch/2.1,129
bedtools_getfastabed/2.29.2,129
scanpy_plot/1.7.1,128
pyprophet_protein/2.1.4.0,128
mitos2/2.0.6,125
jbrowse/1.16.9,124
jbrowse/1.16.11,124
split_file_to_collection/0.5.0,122
infernal_cmsearch/1.1.2.0,122
gfa_to_fa/0.1.1,122
cshl_fastx_reverse_complement/1.0.2,121
cshl_fastq_to_fasta/1.0.2,119
annotatemyids/3.7.0,118
ChangeCase,118
repeatmasker_wrapper/4.1.2-p1,116
meme_fimo/5.0.5.0,115
tb_variant_filter/0.1.3,113
limma_voom/3.38.3,112
random_lines1,111
mlst/2.19.0,111
pygenomeTracks/3.3,110
fasta_compute_length/1.0.3,110
deeptools_compute_matrix/3.3.2.0.0,110
Kraken2Tax/1.2,110
sickle/1.33.2,108
gffread/2.2.1.2,108
flash/1.2.11.4,108
trinity_align_and_estimate_abundance/2.8.5,107
fastq_to_fasta_python/1.1.1,107
dada2_filterAndTrim/1.20,107
cshl_fastx_renamer/0.0.14,105
unipept/4.3.0,104
msconvert/3.0.19052.0,104
deeptools_plot_heatmap/3.3.2.0.1,104
samtools_calmd/2.0.2,103
qiime_pick_otus/1.9.1.0,103
ip_scale_image/0.4,103
bedtools_coveragebed/2.30.0,103
rxdock_rbdock/0.1.4,101
split_file_to_collection/0.4.0,100
samtools_flagstat/2.0.2,100
hmmer_hmmsearch/0.1.0,100
EMBOSS: pasteseq66/5.0.0.1,99
vsearch_dereplication/2.8.3.0,98
raxml/8.2.4,98
CONVERTER_bed_gff_or_vcf_to_bigwig_0,98
bedtools_bamtobed/2.29.0,97
snippy_core/4.5.0,95
freebayes/1.3.1,95
Count1,95
mitos/1.0.5,94
mimodd_varcall/0.1.8_1,93
samtools_depth/1.9,92
mummer_mummer/4.0.0beta2,92
ivar_consensus/1.3.1,92
augustus/3.3.3,92
stringtie_merge/2.1.1,91
bioext_bealign/0.20.1,91
bedtools_bamtobed/2.30.0,91
wc_gnu,90
bedtools_genomecoveragebed/2.29.0,90
fastq_paired_end_splitter/1.1.5,89
dada2_assignTaxonomyAddspecies/1.20,89
translate_nucleotides,88
fastq_info/0.25.1+Galaxy0,88
sRNAPipe/1.1.1,87
hicexplorer_hicdetectloops/3.6,87
ivar_consensus/1.2.2,86
gtftobed12/357,86
mitobim/1.9.1,85
hicexplorer_hicconvertformat/3.6,85
varscan/2.4.2,84
seq2hla/2.2.0,84
picard_SortSam/2.18.2.1,84
md_converter/1.9.3.2,84
CONVERTER_gff_to_bed_0,84
lofreq_call/2.1.3.1,83
lastz_wrapper_2/1.04.15,83
CONVERTER_interval_to_bed12_0,83
unzip/0.2,81
pepquery/1.6.0.0,81
newick_display/1.6,81
samtools_rmdup/1.0.0,80
raven/1.7.0,80
pyprophet_merge/2.1.4.0,80
prepare_receptor/1.5.7,80
proteinortho/6.0.14.9.1,79
gmx_editconf/2020.4,79
get_flanks1/1.0.0,79
fastq_quality_trimmer/1.1.5,79
macs2_predictd/2.1.1.20160309.1,78
enumerate_charges/2020.03.4,78
Add_a_column1/1.4,77
mageck_count/0.5.8.4,76
scanpy_inspect/1.4.4.post1,75
bp_genbank2gff3/1.1,75
search_gui/3.3.10.1,74
gemini_inheritance/0.20.1,74
column_order_header_sort/0.0.1,74
proteinortho_grab_proteins/6.0.14.9.1,73
ont_fast5_api_fast5_subset/3.1.3,73
bcftools_norm/1.10,73
query_tabular/5.0.0,72
qualimap_bamqc/2.2.2c,72
bedtools_closestbed/2.29.2,72
Summary_Statistics1,72
scanpy_inspect/1.7.1,71
qiime_pick_rep_set/1.9.1.0,71
ncbi_blastp_wrapper/2.10.1,71
bio3d_pca_visualize/2.3.4,71
pileup_parser/1.0.2,70
gffcompare/0.11.2,70
dropletutils/1.10.0,70
addName/0.1.1,70
fastq_stats/1.1.1,69
bedtools_multicovtbed/2.29.2,69
vcf2tsv/0.0.3,68
seqtk_fqchk/1.3.1,68
mothur_chimera_vsearch/1.39.5.1,68
jbrowse/1.16.10,68
humann2_renorm_table/0.11.1.1,68
fastani/1.3,68
CONVERTER_fasta_to_fai,68
scanpy_filter/1.7.1,67
rbc_mirdeep2/2.0.0,67
minia/3.2.1,67
gmx_em/2020.4,67
deeptools_plot_profile/3.3.2.0.0,67
tabular_to_fastq/1.1.5,66
structure/2.3.4,66
staramr_search/0.7.1,66
sam_pileup/1.1.3,66
snippy/3.2,65
mothur_dist_seqs/1.39.5.0,65
CONVERTER_gff_to_interval_index_0,65
dada2_mergePairs/1.14,64
collapse_dataset/4.0,64
bwa/0.7.17.4,64
anndata_manipulate/0.7.5,64
anndata_manipulate/0.6.22.post1,64
abims_xcms_group/3.4.4.0,64
CONVERTER_ref_to_seq_taxomony,64
seqtk_subseq/1.3.1,63
metaphlan2krona/2.6.0.0,63
cutadapt/4.0,63
custom_pro_db/1.22.0,63
trimmer,62
table_compute/1.2.4,62
dada2_dada/1.20,62
CometAdapter/2.6,62
gemini_annotate/0.20.1,61
dada2_filterAndTrim/1.14,61
raceid_filtnormconf/3.1,60
pyprophet_export/2.1.4.1,60
multiqc/1.7.1,60
samtools_mpileup/0.0.1,59
poretools_extract/0.6.1a1.0,59
msaboot/0.1.2,59
hicexplorer_hicconvertformat/3.4.3.0,59
Add_a_column1/1.2.0,59
volcanoplot/0.0.5,58
stacks_procrad/1.46.0,58
intarna/3.1.1,58
dada2_dada/1.14,58
seq_filter_by_mapping/0.0.6,57
fasta-stats/1.0.0,57
dada2_mergePairs/1.20,57
seqtk_seq/1.3.3,56
lastz_wrapper_2/1.3.3,56
varscan_mpileup/2.4.3.1,55
uniprotxml_downloader/2.2.0,55
metanovo/1.9.4,54
meme_meme/5.0.5.0,54
fastqc/0.69,54
EMBOSS: transeq101/5.0.0,54
tp_split_on_column/0.2,53
prepare_box/2021.03.5,53
kraken-report/1.3.1,53
gmx_sim/2020.4,53
dropletutils/1.2.1+5,53
SimpleSearchEngine/2.6,53
umi_tools_count/0.5.5.1,52
rna_quast/2.2.0,52
kraken-translate/1.3.1,52
kallisto_quant/0.46.0.4,52
kallisto_pseudo/0.46.0.1,52
fastq_join/1.1.2-806.1,52
scanpy_cluster_reduce_dimension/1.4.4.post1,51
samtools_mpileup/0.0.3,51
hicexplorer_hicdetectloops/3.4.3.0,51
datamash_ops/1.0.6,51
cd_hit_est/1.3,51
bismark_methylation_extractor/0.22.1,51
bedtools_mergebedgraph/2.19.0,51
venn_list/0.1.1,50
tp_multijoin_tool/1.1.1,50
snp_sites/2.5.1,50
peakcalling_macs/1.0.1,50
bedtools_genomecoveragebed_bedgraph/2.19.0,50
bam_to_sam/2.0.1,50
taxonomy_krona_chart/2.6.1,49
picard_AddOrReplaceReadGroups/2.18.2.1,49
rna_star/2.7.5b,48
medaka_consensus/0.11.5,48
jvarkit_wgscoverageplotter/20201223,48
jbrowse/1.16.8,48
gubbins/0.1.0,48
spring_map/0.2,47
ont_fast5_api_multi_to_single_fast5/3.1.3,47
humann2_renorm_table/0.11.1.0,47
hicexplorer_hicadjustmatrix/3.4.3.0,47
fasta_filter_by_length/1.1,47
fasplit/357,47
dada2_dada/1.18,47
cutadapt/1.16.3,47
CONVERTER_gff_to_fli_0,47
sucos_max_score/0.2.2,46
scanpy_cluster_reduce_dimension/1.7.1,46
bioext_bealign/0.19.7.0,46
samtools_slice_bam/0.0.1,45
regexColumn1/1.0.0,45
picard_CollectInsertSizeMetrics/2.18.2.1,45
mimodd_varreport/0.1.8_1,45
fastq_combiner/1.1.5,45
docking/1.1.2,45
vcftools_slice/0.1,44
seacr/1.3,44
sdf_to_tab/2019.03.1.2,44
nanopolish_eventalign/0.11.1,44
bandage_info/0.8.1,44
xcms_plot_chromatogram/3.4.4.0,43
vcfallelicprimitives/1.0.0_rc3,43
raceid_clustering/3.1,43
porechop/0.2.4,43
moabs/1.3.4.6,43
gmx_setup/2020.4,43
bbtools_bbduk/1.0.0,43
bamtools_split/2.4.0,43
anndata_inspect/0.7.5,43
vigiechiro_idcorrect_2ndlayer/0.1.1,42
picard_CASM/2.18.2.1,42
pathview/1.24.0,42
ncbi_tblastx_wrapper/2.10.1,42
mothur_count_groups/1.39.5.0,42
metaphlan/3.0.9,42
bedtools_intersectbed/2.30.0,42
bedtools_intersectbed/2.29.0,42
Show tail1,42
tb_profiler_profile/2.8.14,41
samtools_split/1.9,41
EMBOSS: nthseq62/5.0.0.1,41
vigiechiro_idvalid/0.1.1,40
fasta-stats/2.0,40
CONVERTER_bed_to_gff_0,40
w4mclassfilter/0.98.18,39
trinity_align_and_estimate_abundance/2.8.4,39
ncbi_blastn_wrapper/0.3.0,39
bedtools_groupbybed/2.29.2,39
Add_a_column1/1.1.0,39
picard_CleanSam/2.18.2.1,38
mothur_make_contigs/1.39.5.1,38
gff2bed1,38
fastq_manipulation/1.1.5,38
combine_metaphlan2_humann2/0.1.0,38
EMBOSS: getorf42/5.0.0.1,38
CONVERTER_gff_to_bgzip_0,38
mummer_dnadiff/4.0.0beta2,37
deeptools_compute_matrix_operations/3.3.2.0.0,37
cutadapt/1.6,37
bismark_pretty_report/0.22.1,37
FeatureFinderMetabo/2.5,37
tombo_plot_genome_locations,36
stacks2_sstacks/2.4,36
snpfreqplot/1.0,36
progressivemauve/2015_02_13.0,36
mothur_summary_seqs/1.39.5.0,36
ivar_variants/1.3.1,36
cshl_fastx_clipper/1.0.3,36
vigiechiro_bilanenrichipf/0.1.1,35
stacks2_procrad/2.4,35
samtools_mpileup/2.1.3,35
rseqc_geneBody_coverage2/2.6.4.1,35
qiime_assign_taxonomy/1.9.1.0,35
ncbi_makeblastdb/2.10.1,35
metaphlan/3.0.13,35
md_converter/1.9.6,35
deseq2/2.11.40.7,35
dada2_assignTaxonomyAddspecies/1.18,35
bigwig_to_bedgraph/0.1.0,35
MetaboliteAdductDecharger/2.6,35
tab2fasta/1.1.0,34
stacks2_ustacks/2.4,34
sniffles/1.0.12,34
scanpy_filter/1.4.4.post1,34
graphlan/1.0.0.0,34
fastq_stats/1.1.5,34
FileInfo/2.6,34
Fetch Taxonomic Ranks/1.1.0,34
samtools_bedcov/2.0.2,33
pygenomeTracks/3.2.1,33
ococo/0.1.2.6,33
medaka_consensus_pipeline/1.3.2,33
ggplot2_heatmap2/3.0.1,33
fastqe/0.2.6,33
fastq_groomer/1.0.4,33
fastq_filter/1.1.1,33
dexseq/1.28.1,33
cshl_fastx_collapser/1.0.1,33
PeptideIndexer/2.6,33
rseqc_mismatch_profile/2.6.4,32
poretools_qualpos/0.6.1a1.0,32
peakcalling_sicer/1.1,32
ncbi_blastn_wrapper/0.3.3,32
msms_extractor/1.0.0,32
mothur_count_seqs/1.39.5.0,32
hicexplorer_hicnormalize/3.6,32
group_humann2_uniref_abundances_to_go/1.2.3,32
cshl_fasta_formatter/1.0.1,32
bedtools_intersectbed/2.29.2,32
CONVERTER_fasta_to_len,32
trimmomatic/0.32.3,31
staramr_search/0.7.2,31
stacks2_tsv2bam/2.4,31
stacks2_cstacks/2.4,31
samtools_view/1.13,31
salmonquantmerge/0.14.1.2,31
picrust_predict_metagenomes/1.1.1.0,31
mimodd_vcf_filter/0.1.8_1,31
encyclopedia_searchtolib/1.2.2,31
XY_Plot_1/1.0.2,31
sample_seqs/0.2.1,30
picard_NormalizeFasta/2.18.2.1,30
ngsutils_bam_filter/0.5.8.1,30
metaphlan/3.0.8,30
kraken2/2.1.1,30
kallisto_quant/0.46.2,30
jellyfish/2.3.0,30
hicexplorer_hicnormalize/3.4.3.0,30
dada2_filterAndTrim/1.18,30
bcftools_norm/1.9,30
add_line_to_file/0.1.0,30
CONVERTER_len_to_linecount,30
repeatmasker_wrapper/4.0.9,29
rbc_mafft/7.489,29
obi_illumina_pairend/1.2.11,29
obi_grep/1.2.11,29
fastqc/0.52,29
bctools_extract_alignment_ends/0.2.2,29
vsearch_clustering/2.8.3.0,28
tombo_text_output,28
sina/1.5.0,28
rbc_splitfasta/0.2.0,28
picard_CollectRnaSeqMetrics/2.18.2.2,28
je_demultiplex_illu/1.2.1,28
charts/1.0.1,28
bedtools_mergebed/2.29.2,28
anndata_import/0.7.5,28
FalseDiscoveryRate/2.6,28
viennarna_rnafold/2.2.10.4,27
vcffilter2/1.0.0_rc1,27
unipept/4.5.0,27
stringtie/2.1.7,27
samtools_flagstat/1.0.0,27
sam_dump/2.10.8,27
rseqc_RPKM_saturation/2.6.4.1,27
picard_MarkDuplicatesWithMateCigar/2.18.2.1,27
mergeCols1/1.0.1,27
medaka_variant/1.3.2,27
medaka_variant/1.0.3,27
ip_projective_transformation_points/0.0.3,27
hicexplorer_hicdetectloops/3.4.1.0,27
glob_report/0.5,27
format_metaphlan2_output/0.1.0,27
dada2_learnErrors/1.14,27
bowtie2/2.4.5,27
Extract_features1,27
wtdbg/1.2.8.1,26
snippy_core/3.2,26
scanpy_normalize/1.4.4.post1,26
qualimap_rnaseq/2.2.2c,26
picard_CollectWgsMetrics/2.18.2.1,26
hicexplorer_hicplotdistvscounts/3.4.3.0,26
encyclopedia_searchtolib/0.9.5.0,26
deeptools_plot_correlation/3.3.2.0.0,26
deeptools_bigwig_compare/3.3.2.0.0,26
circos_resample/0.69.8,26
chira_collapse/1.3.5,26
MSGFPlusAdapter/2.6,26
CONVERTER_bedgraph_to_bigwig,26
vmd_hbonds/1.9.3,25
seqtk_mergefa/1.3.1,25
scanpy_find_markers/1.4.30,25
samtools_idxstats/2.0.4,25
qiime_count_seqs/1.9.1.0,25
peptide_shaker/1.16.36.3,25
mothur_unique_seqs/1.39.5.0,25
medaka_consensus_pipeline/1.0.3,25
hicexplorer_hiccomparematrices/3.4.3.0,25
gmx_sim/2019.1.4.1,25
deeptools_alignmentsieve/3.0.2.0,25
bedtools_getfastabed/2.30.0,25
bed2gff1,25
bcftools_filter/1.10,25
CONVERTER_sdf_to_smiles,25
vcfvcfintersect/1.0.0_rc1,24
snippy_clean_full_aln/4.5.0,24
slamdunk/0.4.1,24
sistr_cmd/1.1.1,24
rna_star/2.7.8a,24
regexColumn1/1.0.1,24
qiime_filter_otus_from_otu_table/1.9.1.0,24
poretools_qualdist/0.6.1a1.0,24
nanoplot/1.25.0,24
mimodd_varextract/0.1.8_1,24
lofreq_call/2.1.4,24
iqtree/2.1.2,24
gprofiler_gost/0.1.71,24
bedtools_subtractbed/2.29.2,24
bedtools_multicovtbed/2.30.0,24
IDScoreSwitcher/2.6,24
CONVERTER_wig_to_bigwig,24
CONVERTER_bed_to_fli_0,24
vcfsort/1.0.0_rc3,23
transdecoder/5.5.0,23
tbvcfreport/0.1.7,23
smf_utils_fix-fasta-headers/smf-v1.7-0_utils-v2.1.1-1,23
samtools_idxstats/2.0,23
qiime_make_otu_table/1.9.1.0,23
poretools_tabular/0.6.1a1.0,23
ivar_variants/1.2,23
ip_convertimage/0.4,23
gops_coverage_1/1.0.0,23
goenrichment/2.0.1,23
gene2exon1,23
disco/1.2.0,23
bio3d_dccm/2.3.4,23
augustus/3.4.0,23
IDPosteriorErrorProbability/2.6,23
uniprotxml_downloader/2.1.0,22
sucos_max_score/2020.03.4,22
subtract_query1/0.1,22
smf_utils_find-boxes/smf-v1.7-0_utils-v2.1.1-1,22
scanpy_remove_confounders/1.7.1,22
repeatmasker_wrapper/4.1.1,22
preMloc/0.4,22
picard_MergeSamFiles/2.18.2.1,22
picard_FilterSamReads/2.18.2.1,22
miniasm/0.2,22
kraken_taxonomy_report/0.0.2,22
fgsea/1.8.0,22
crossmap_bam/0.3.7,22
circos_wiggle_to_scatter/0.69.8,22
CONVERTER_fasta_to_bowtie_base_index,22
stacks_ustacks/1.46.0,21
socru/2.1.7,21
snippy/4.6.0,21
scanpy_find_markers/1.4.3,21
rdock_rbdock/0.1.4,21
orthofinder_onlygroups/2.5.4,21
mlst/2.16.1,21
mimodd_align/0.1.9,21
mageck_test/0.5.8.1,21
homer_annotatePeaks/4.11,21
hhsearch/3.2.0,21
gmx_trj/2019.1.5,21
ggplot2_pca/2.2.1,21
fastq_paired_end_deinterlacer/1.1.2,21
fasta-stats/1.0.3,21
exonerate/2.4.0,21
anndata_import/0.6.22.post1,21
xcms_merge/3.4.4.0,20
scanpy_plot_trajectory/1.4.3,20
sam2interval/1.0.2,20
qiime_validate_mapping_file/1.9.1.0,20
qiime_summarize_taxa_through_plots/1.9.1.0,20
picard_DownsampleSam/2.18.2.1,20
minimap2/2.20,20
minced/0.1.5,20
hmmer_phmmer/3.3,20
graphicsmagick_image_convert/1.3.31,20
gmx_merge_topology_files/3.2.0,20
encyclopedia_quantify/0.9.5.0,20
codeml/4.9,20
bioext_bam2msa/0.19.7.0,20
bbtools_bbmap/1.0.0,20
Multivariate/2.3.10,20
snp_dists/0.6.3,19
shovill/1.1.0,19
scanpy_plot_embed/1.4.3,19
samtools_filter/1.1.1,19
mob_typer/3.0.3,19
minia/3.2.4,19
macs2_bdgpeakcall/2.1.1.20160309.0,19
kallisto_pseudo/0.46.2,19
je_markdupes/1.2.1,19
hicexplorer_hicconvertformat/3.3.1.0,19
gffcompare_to_bed/0.2.1,19
gfa_to_fa/0.1.2,19
bcftools_mpileup/1.10,19
ambertools_acpype/19.11,19
XTandemAdapter/2.6,19
CruxAdapter/2.6,19
CONVERTER_vcf_to_bgzip_0,19
CONVERTER_fasta_to_2bit,19
CONVERTER_bed_to_bgzip_0,19
trinity_gene_to_trans_map/2.8.4,18
structure_to_gspan/0.4,18
sklearn_train_test_split/1.0.8.2,18
rna_star/2.6.0b-1,18
openbabel_svg_depiction/3.1.1,18
ncbi_blastp_wrapper/0.3.3,18
medaka_variant_pipeline/1.3.2,18
macs2_filterdup/2.1.1.20160309.1,18
kraken2/2.0.8_beta,18
hicexplorer_hiccomparematrices/3.6,18
eggnog_mapper/2.0.1,18
collection_element_identifiers/0.0.2,18
cat_add_names/5.0.3.0,18
xarray_metadata_info/0.15.1,17
trinity_abundance_estimates_to_matrix/2.9.1,17
t_coffee/11.0.8,17
sam_merge2/1.1.2,17
qiime_pick_open_reference_otus/1.9.1.0,17
minfi_analysis/2.1.0,17
metaquantome_viz/2.0.0-0,17
hicexplorer_hicquickqc/3.6,17
featurecounts/1.6.3,17
deeptools_bam_compare/3.3.2.0.0,17
cat_contigs/5.0.3.1,17
bedtools_sortbed/2.29.2,17
bedtools_coveragebed/2.29.2,17
EMBOSS: needle56/5.0.0.1,17
vcftools_compare/0.1,16
tn93_cluster/1.0.6,16
sucos_max_score/0.2.3,16
sucos_max_score/0.2.1,16
stacks_denovomap/1.46.0,16
stacks2_gstacks/2.4,16
sklearn_generalized_linear/1.0.8.2,16
scanpy_find_cluster/1.4.3,16
scanpy_filter_cells/1.4.3,16
salmon/0.14.1.2,16
ruvseq/1.16.0,16
rseqc_FPKM_count/2.6.4.1,16
pyprophet_export/2.1.4.0,16
ncbi_tblastn_wrapper/2.10.1,16
ncbi_rpsblast_wrapper/2.10.1,16
ip_landmark_registration/0.0.2,16
instrain_profile/1.5.3,16
hicexplorer_hicaverageregions/3.4.3.0,16
gmx_setup/2020.2,16
crispr_recognition_tool/1.2.0,16
chipseeker/1.28.3,16
chembl/0.10.1,16
blastxml_to_tabular/2.10.1,16
bg_column_arrange_by_header/0.2,16
anndata_ops/0.0.3,16
PSMFeatureExtractor/2.6,16
EMBOSS: water107/5.0.0.1,16
velveth,15
varscan_somatic/2.4.3.6,15
tp_unfold_column_tool/1.1.1,15
tp_replace_in_column/1.1.0,15
thermo_raw_file_converter/1.2.3,15
tb_profiler_profile/3.0.7,15
sklearn_svm_classifier/1.0.8.2,15
scanpy_run_pca/1.4.3,15
scanpy_compute_graph/1.4.3,15
sam_dump/2.10.7,15
rgweblogo3/3.5.0,15
obi_illumina_pairend/1.2.13,15
novoplasty/4.2,15
miniasm/0.3_r179,15
mimodd_rebase/0.1.8_1,15
maxquant_mqpar/1.6.3.4,15
je_clip/1.2.1,15
ivar_variants/1.2.2,15
humann2_unpack_pathways/0.11.1.0,15
edger/3.34.0,15
ectyper/1.0.0,15
delly_call/0.8.7,15
deeptools_plot_enrichment/3.3.2.0.0,15
chira_collapse/1.3.7,15
bwameth/0.2.2,15
bedtools_getfastabed/2.29.0,15
aragorn_trna/0.6,15
antismash/5.1.2,15
EMBOSS: geecee41/5.0.0,15
vcftools_merge/0.1.1,14
trinity/2.9.1,14
traj_selections_and_merge/1.9.5,14
staramr_search/0.5.1,14
sklearn_numeric_clustering/1.0.8.1,14
sklearn_numeric_clustering/1.0.7.12,14
sklearn_ensemble/1.0.8.2,14
scanpy_run_umap/1.4.3,14
scanpy_run_tsne/1.4.30,14
samtool_filter2/1.1.2,14
quantp/1.0.0,14
prepare_box/2020.03.4,14
pepquery/1.6.2,14
ncbi_blastdbcmd_wrapper/2.10.1,14
mimodd_map/0.1.8_1,14
mdanalysis_cosine_analysis/0.20,14
locarna_best_subtree/0.3,14
gtf_filter_by_attribute_values_list,14
graphlan_annotate/1.0.0.0,14
gmx_solvate/2020.2,14
glimmer_knowlegde-based/0.2,14
glassgo/1.5.2,14
fasta-stats/1.0.2,14
deeptools_plot_fingerprint/3.3.2.0.0,14
dada2_assignTaxonomyAddspecies/1.14,14
control_freec/11.6,14
circos_interval_to_tile/0.69.8,14
bedtools_genomecoveragebed_histogram/2.19.0,14
Nucleosome/3.0,14
FidoAdapter/2.6,14
vcf2tsv/1.0.0_rc1,13
stacks2_kmerfilter/2.4,13
snippy_core/4.4.3,13
scanpy_run_tsne/1.4.3,13
sam_dump/2.10.4,13
rseqc_tin/2.6.4.1,13
prokka/1.13,13
poretools_stats/0.6.1a1.0,13
pick_open_reference_otus/1.9.1.0,13
picard_SamToFastq/2.18.2.2,13
peakachu/0.1.0.2,13
nanopolishcomp_eventaligncollapse/0.6.11,13
mummer_mummerplot/4.0.0beta2,13
mothur_heatmap_sim/1.39.5.0,13
mob_recon/3.0.3,13
mdanalysis_cosine_analysis/1.0.0,13
lofreq_indelqual/2.1.3.1,13
links/2.0.1+galaxy+1,13
keras_train_and_eval/1.0.8.2,13
jq/1.0,13
hicexplorer_hicinfo/3.6,13
hgv_david,13
gops_join_1/0.0.1,13
gmx_sim/2020.2,13
genbank_to_gff,13
gemini_db_info/0.20.1,13
gbk_to_orf,13
exomedepth/1.1.0,13
dexseq_count/1.28.1.0,13
blockclust/1.1.0,13
biomd_neqgamma/0.1.5.2,13
bedtools_multiintersectbed/2.29.2,13
bedtools_multicovtbed/2.29.0,13
bedtools_map/2.29.2.2,13
bedtools_genomecoveragebed/2.27.1,13
bctools_extract_barcodes/0.2.2,13
bamFilter/2.5.1,13
artic_minion/1.1.3,13
TextExporter/2.6,13
IsobaricAnalyzer/2.6,13
Add_a_column1/1.5,13
uniprot/0.2,12
unicycler/0.4.8.0,12
tp_uniq_tool/1.1.1,12
tp_easyjoin_tool/1.1.1,12
tophat2/2.1.1,12
t_coffee/11.0.8_1,12
stacks2_cstacks/2.55,12
seurat_read10x/3.1.2,12
scatterplot_rpy/1.0.3,12
samtools_merge/1.13,12
racon/1.4.13,12
raceid_trajectory/3.1,12
preproc/0.5,12
poretools_hist/0.6.1a1.0,12
picard_ValidateSamFile/2.18.2.1,12
pe_histogram/1.0.1,12
multiqc/1.6,12
multiqc/1.11,12
mixcr_analyze/3.0.5.0,12
maker/2.31.11,12
lordec/0.9,12
jbrowse/1.16.5,12
ip_filter_standard/0.0.3,12
hmmer_hmmscan/0.1.0,12
hicexplorer_hiccorrelate/3.4.3.0,12
goseq/1.44.0,12
gmx_editconf/2020.2,12
gemini_burden/0.20.1,12
featurecounts/1.6.0.2,12
fargene/0.1,12
export_remote,12
eggnog_mapper/1.0.3.1,12
deeptools_multi_bigwig_summary/3.3.2.0.0,12
dada2_plotQualityProfile/1.20,12
cufflinks/2.2.1.3,12
ctb_rdkit_descriptors/2020.03.4,12
cshl_fastq_to_fasta/1.0.0,12
corrtable/0.0.0,12
chromeister/1.5.a,12
chira_collapse/1.1.5,12
bcfview/0.1.19,12
bamtools/0.0.1,12
_ensembl_gtf2gene_list/1.42.1,12
IDMapper/2.6,12
vsearch_dereplication/1.9.7.0,11
vcfallelicprimitives/1.0.0_rc1,11
umi_tools_whitelist/0.5.5.0,11
trinity_super_transcripts/2.9.1,11
tp_tac/1.1.0,11
stringtie_merge/1.3.6,11
snpsift_vartype/4.3.1,11
sickle/1.33.1,11
shasta/0.6.0,11
seurat/3.2.2,11
scanpy_normalize/1.7.1,11
scanpy_find_cluster/1.4.30,11
samtools_rmdup/1.0.1,11
rbc_mirdeep2_mapper/2.0.0,11
qiime_alpha_diversity/1.9.1.0,11
plotdexseq/1.28.1.0,11
picard_MarkDuplicates/2.18.2.1,11
picard_CollectGcBiasMetrics/2.18.2.1,11
pep_pointer/0.1.3,11
pangolin/3.1.11,11
nanopolish_variants/0.13.2,11
medaka_variant_pipeline/1.0.3,11
intervene_pairwise/0.6.5,11
hyphy_meme/2.5.31,11
hmmer_phmmer/0.1.0,11
gffread/2.2.1.3,11
gemini_pathways/0.20.1,11
gecko/1.2,11
flair_collapse/1.5,11
fastq_to_tabular/1.1.1,11
export2graphlan/0.20,11
drep_compare/2.5.4.0,11
dimspy_process_scans/2.0.0,11
cmFinder/0.3,11
bowtie_wrapper/1.1.2,11
bedtools_annotatebed/2.29.2,11
_dropletBarcodePlot/1.6.1,11
vcfsort/1.0.0_rc1,10
vcfbedintersect/1.0.0_rc3,10
unipept/4.0.0,10
trinotate/3.2.1,10
tb_profiler_profile/3.0.4,10
stringtie_merge/2.1.7,10
stacks2_populations/2.55,10
sqlite_to_tabular/2.0.0,10
sklearn_feature_selection/1.0.8.2,10
scanpy_read_10x/1.4.3,10
scanpy_find_cluster/1.3.2,10
samtools_stats/2.0.3,10
samtools_rmdup/2.0,10
roary/3.12.0,10
qiime_extract_barcodes/1.9.1.0,10
plotly_ml_performance_plots/0.2,10
obi_stat/1.2.11,10
ngmlr/0.2.7,10
ncbi_blastx_wrapper/2.10.1,10
ncbi_blastx_wrapper/0.3.3,10
mothur_make_contigs/1.39.5.0,10
maker/2.31.10,10
keras_train_and_eval/1.0.8.3,10
keras_train_and_eval/1.0.8.1,10
homer_findMotifsGenome/4.11,10
gmx_trj/2020.4,10
ggplot2_violin/2.2.1,10
ggplot2_histogram/2.2.1,10
flair_correct/1.5,10
fastqc/0.67,10
encyclopedia_quantify/1.2.2,10
dada2_removeBimeraDenovo/1.14,10
dada2_makeSequenceTable/1.14,10
crossmap_bed/0.3.7,10
chipeakanno_annopeaks/0.1.0,10
cardinal_filtering/2.6.0.0,10
biom_convert/2.1.5.3,10
bg_sortmerna/2.1b.4,10
bellerophon/1.0,10
bedtools_windowbed/2.29.2,10
bedtools_slopbed/2.29.2,10
bedtools_slopbed/2.29.0,10
bedtools_bamtobed/2.24.0,10
bcftools_merge/1.10,10
bamleftalign/1.1.0.46-0,10
ucsc_cell_browser/0.5.21,9
trnascan/0.4,9
scanpy_compute_graph/1.4.31,9
samtools_sort/2.0.2,9
samtools_fastx/1.13,9
rcorrector/1.0.3,9
ragtag/2.1.0,9
raceid_inspecttrajectory/3.1,9
qiime_pick_closed_reference_otus/1.9.1.0,9
qiime_multiple_join_paired_ends/1.9.1.0,9
qiime_make_phylogeny/1.9.1.0,9
porechop/0.2.3,9
peakcalling_sicer/0.0.2,9
optitype/1.3.5,9
nspdk_sparse/9.2.3,9
mummer_show_coords/4.0.0beta2,9
mothur_summary_seqs/1.36.1.0,9
mothur_screen_seqs/1.39.5.0,9
mothur_classify_otu/1.39.5.0,9
mimodd_convert/0.1.8_1,9
meme_psp_gen/5.0.5.0,9
medaka_consensus_pipeline/1.4.4,9
lofreq_alnqual/2.1.5,9
lofreq_alnqual/2.1.3.1,9
limma_voom/3.48.0,9
kraken-mpa-report/1.2.4,9
ip_threshold/0.0.4,9
intervene_upset/0.6.4,9
interproscan/5.0.0,9
hyphy_fade/2.5.31,9
hyphy_busted/2.5.31,9
humann_renorm_table/3.0.0,9
histogram_rpy/1.0.3,9
hicexplorer_hicdetectloops/3.3.1.0,9
cuffmerge/2.2.1.2,9
ctb_chemfp_mol2fps/1.5,9
cshl_fastx_reverse_complement/1.0.0,9
cshl_fastx_clipper/1.0.1,9
cd_hit_protein/1.2,9
artic_minion/1.2.1,9
aggregate_scores_in_intervals2,9
ProteinQuantifier/2.6,9
PeakPickerHiRes/2.6,9
FeatureFinderMultiplex/2.6,9
EMBOSS: primersearch81/5.0.0.1,9
CONVERTER_Bam_Bai_0,9
umi_tools_extract/1.1.2,8
sucos_docking_scoring/0.1.1,8
stacks_populations/1.46.1,8
sklearn_clf_metrics/1.0.8.1,8
sixgill_build/0.2.4.0,8
sequence_convert,8
seqtk_mergepe/1.3.1,8
scanpy_scale_data/1.4.3,8
scanpy_run_umap/1.4.30,8
scanpy_find_markers/1.3.2,8
scanpy_filter_genes/1.4.3,8
samtools_reheader/2.0.1,8
rbc_mafft/7.487,8
qual_stats_boxplot,8
pygenomeTracks/3.1.2,8
prepare_receptor/0.1.0,8
poretools_winner/0.6.1a1.0,8
pipelign/0.2,8
pileup_interval/1.0.2,8
picrust_metagenome_contributions/1.1.1.0,8
picard_QualityScoreDistribution/2.18.2.1,8
nextclade/1.4.5,8
mummer_nucmer/4.0.0rc1,8
mothur_biom_info/1.39.5.0,8
metaquantome_viz/2.0.0-1,8
metaquantome_viz/1.0.0-0,8
merqury/1.3,8
mageck_gsea/0.5.8,8
je_clip/1.2,8
jcvi_gff_stats/0.8.4,8
idba_tran/1.1.3,8
hyphy_bgm/2.5.31,8
humann2_renorm_table/0.9.9.0,8
humann2_regroup_table/0.11.1.1,8
hmmer_hmmbuild/0.1.0,8
hicexplorer_hicconvertformat/3.4.1.0,8
hgv_linkToGProfile,8
glimmer_not-knowlegde-based/0.2,8
gff_to_sequence,8
gff_to_prot/3.0.2,8
freebayes/1.1.0.46-0,8
fpocket/3.1.4.2,8
flanking_features_1/4.0.1,8
fastq_paired_end_splitter/1.1.1,8
egsea/1.10.0,8
edena_ovl_wrapper/0.3,8
docking/1.2.3,8
cshl_fastx_quality_statistics/1.0.1,8
cshl_fastx_collapser/1.0.0,8
cshl_fastx_artifacts_filter/1.0.0,8
count_seqs/1.9.1.0,8
count_gff_features/0.2,8
clusterprofiler_go/0.1.0,8
circos_gc_skew/0.69.8,8
bwa_mem2/2.2.1,8
bowtie_color_wrapper/1.1.2,8
bedtools_windowbed/2.30.0,8
bedtools_sortbed/2.30.0,8
bedtools_genomecoveragebed/2.30.0,8
bcftools_annotate/1.10,8
bbtools_callvariants/1.0.0.0.0,8
bamtools/0.0.2,8
anndata_export/0.7.5,8
PercolatorAdapter/2.6,8
MultiplexResolver/2.6,8
FeatureFinderMetabo/2.6,8
EMBOSS: revseq82/5.0.0,8
EMBOSS: fuzznuc37/5.0.2,8
CONVERTER_tar_to_directory,8
umi_tools_extract/0.5.3.2,7
ucsc_cell_browser/0.7.10,7
tximport/0.1,7
translate_bed/0.1.0,7
stacks2_sstacks/2.55,7
sklearn_searchcv/1.0,7
sklearn_clf_metrics/1.0.8.2,7
scanpy_normalise_data/1.4.3,7
samtools_idxstats/2.0.2,7
sam_merge2/1.2.0,7
salmon/0.11.2,7
rna_star/2.6.0b-2,7
regex1/1.0.1,7
raven/1.6.1,7
raceid_inspectclusters/3.1,7
qiime_filter_taxa_from_otu_table/1.9.1.0,7
pampa_glmsp/0.0.2,7
obi_convert/1.2.11,7
obi_annotate/1.2.11,7
ncbi_tblastx_wrapper/0.3.3,7
ncbi_acc_download/0.2.5,7
mummer_mummer/4.0.0rc1,7
mothur_tree_shared/1.39.5.0,7
mothur_screen_seqs/1.39.5.1,7
mothur_remove_lineage/1.39.5.0,7
mimodd_info/0.1.8_1,7
metaquantome_expand/2.0.0-0,7
metaphlan/3.0.14,7
megahit_contig2fastg/1.1.3,7
mageck_mle/0.5.8.1,7
macs2_bdgbroadcall/2.1.1.20160309.0,7
ivar_variants/1.2.1,7
ip_scale_image/0.2,7
intervene_pairwise/0.6.4,7
infernal_cmscan/1.1.2.0,7
idba_ud/1.1.3,7
humann2_genefamilies_genus_level/0.11.1.1,7
humann2_genefamilies_genus_level/0.11.1.0,7
hicexplorer_hicplotsvl/3.4.3.0,7
hicexplorer_hicfindtads/3.6,7
hicexplorer_hicfindtads/3.4.3.0,7
ggplot2_heatmap/2.2.1,7
gemini_stats/0.20.1,7
gecko/1.1,7
funannotate_clean/1.8.9,7
funannotate_annotate/1.8.9,7
fastq_trimmer/1.1.1,7
export2graphlan/0.19,7
encyclopedia_encyclopedia/0.9.5.0,7
deseq2/2.11.40.2,7
dada2_plotQualityProfile/1.14,7
cutesv/1.0.8,7
cummeRbund/2.16.0,7
ctsm_fates/2.0.1,7
chira_extract/1.4.3,7
cd_hit/4.8.1,7
cardinal_filtering/2.4.0.0,7
cardinal_classification/2.6.0.1,7
bioext_bam2msa/0.20.1,7
bg_find_subsequences/0.2,7
bedtools_randombed/2.29.0,7
bcftools_view/0.1.19.0,7
align_back_trans/0.0.10,7
abricate_summary/1.0.1,7
IDConflictResolver/2.6,7
EMBOSS: cusp17/5.0.0,7
xarray_mapplot/0.20.2,6
w4mcorcov/0.98.17,6
vcftools_isec/0.1.1,6
vcfannotate/1.0.0_rc3,6
varscan_somatic/2.4.3.3,6
trimmomatic/0.32.1,6
tombo_detect_modifications,6
stacks2_refmap/2.55,6
stacks2_clonefilter/2.55,6
sklearn_model_validation/1.0.8.1,6
sklearn_feature_selection/1.0.8.1,6
sklearn_data_preprocess/1.0.8.1,6
sina/1.7.2,6
seurat_find_markers/3.1.2,6
sceasy_convert/0.0.5,6
scanpy_remove_confounders/1.4.4.post1,6
scanpy_find_variable_genes/1.4.3,6
salmonquantmerge/1.5.1,6
repeatmasker_wrapper/4.0.7,6
read_it_and_keep/0.1.0,6
qiime_split_libraries_fastq/1.9.1.0,6
proteomiqon_mzmltomzlite/0.0.5,6
progressivemauve/2015_02_13.1,6
pretext_map/0.1.5,6
prepare_ligands_for_docking/3.1.1,6
poretools_squiggle/0.6.1a1.0,6
pilon/1.20.1,6
pileometh/0.3.0.1,6
pangolin/3.1.7,6
pangolin/3.1.16,6
pangolin/3.0.3,6
openbabel_genProp/3.1.1,6
obi_uniq/1.2.11,6
nextclade/1.11.0,6
mummer_delta_filter/4.0.0beta2,6
mothur_fastq_info/1.39.5.0,6
mothur_classify_seqs/1.39.5.0,6
ml_visualization_ex/1.0.8.2,6
minia/3.2.6,6
merge_metaphlan_tables/2.6.0.0,6
lftp,6
kallisto_pseudo/0.43.1.1,6
join_files_on_column_fuzzy/1.0.1,6
ip_histogram_equalization/0.0.1,6
hyphy_strike_ambigs/2.5.31,6
hyphy_slac/2.5.31,6
hyphy_annotate/2.5.31,6
humann2_regroup_table/0.11.1.0,6
hmmer_hmmsearch/3.3,6
hicexplorer_hicquickqc/3.4.3.0,6
hicexplorer_hicplotdistvscounts/3.6,6
hicexplorer_hicinfo/3.4.3.0,6
hicexplorer_hicfindrestrictionsites/3.6,6
genomescope/2.0,6
gemini_load/0.20.1,6
fraggenescan/1.30.0,6
filter_tabular/5.0.0,6
fastq_dump/2.10.9,6
delly_call/0.8.5,6
deeptools_plot_enrichment/3.0.2.0,6
deeptools_multi_bam_summary/3.3.2.0.0,6
deeptools_bam_coverage/3.0.2.0,6
ctdBatch_1/1.0.0,6
ctb_mordred_descriptors/1.2.0,6
ctb_chemfp_butina_clustering/1.5,6
crossmap_wig/0.3.7,6
cp_export_to_spreadsheet/3.1.9,6
cp_cellprofiler/3.1.9,6
circos_tableviewer/0.69.8,6
chira_collapse/1.1.4,6
cd_hit_protein/1.3,6
cardinal_spectra_plots/2.6.0.1,6
biomd_rmsd_clustering/0.1.5.2,6
bellerophon,6
bedtools_map/2.30.0.2,6
bedtools_makewindowsbed/2.29.2,6
bedtools_coveragebed/2.29.0,6
bctools_remove_tail/0.2.2,6
bamtools/2.4.0,6
bamhash/1.1,6
atactk_trim_adapters/0.1.6,6
Sff_extractor,6
NSPDK_candidateClust/9.2.3.1,6
FileConverter/2.6,6
EMBOSS: seqret84/5.0.0,6
DecoyDatabase/2.6,6
volcanoplot/0.0.2,5
vcfgenotypes/1.0.0_rc3,5
tp_awk_tool/1.1.0,5
tn93_filter/1.0.6,5
tmhmm2/0.0.16,5
tbl2gff3/1.2,5
tbl2gff3/1.1,5
targetfinder/1.7.0,5
stacks2_gstacks/2.53,5
spaln/2.3.2,5
snap_training/2013_11_29,5
sklearn_nn_classifier/1.0.8.2,5
seurat/3.1.2,5
seqtk_comp/1.3.1,5
sed_stream_editor/0.0.1,5
scanpy_run_umap/1.3.2,5
scanpy_run_tsne/1.6.0,5
scanpy_run_diffmap/1.4.3,5
scanpy_filter_genes/1.4.30,5
scanpy_filter_cells/1.4.30,5
samtools_mpileup/2.1.1,5
samtools_depth/1.13,5
sam_to_bam/1.1.2,5
sam_pileup/1.1.2,5
rna_quast/2.2.1,5
rdock_rbcavity/2013.1-0,5
rawtools/1.4.2.0,5
raven/1.5.3,5
qiime_filter_samples_from_otu_table/1.9.1.0,5
pycoqc/2.5.2,5
pick_closed_reference_otus/1.9.1.0,5
picard_CollectHsMetrics/2.18.2,5
nextclade/1.10.2,5
ncbi_tblastn_wrapper/0.3.3,5
ncbi_acc_download/0.2.7,5
nanopolish_methylation/0.13.2,5
msgfplus/0.5,5
mothur_rarefaction_single/1.39.5.0,5
mothur_make_group/1.39.5.0,5
ml_visualization_ex/1.0.8.1,5
mimodd_sort/0.1.8_1,5
megablast_wrapper/1.2.0,5
medaka_variant_pipeline/1.4.4,5
masigpro/1.49.3.1,5
macs2_refinepeak/2.1.1.20160309.1,5
length_and_gc_content/0.1.1,5
khmer_count_median/3.0.0a3,5
jbrowse/1.16.1,5
ip_2d_feature_extraction/0.1.1,5
iedb_api/2.15.2,5
idba_hybrid/1.1.3,5
hyphy_fel/2.5.31,5
hicexplorer_hicaggregatecontacts/3.6,5
gmx_setup/2021.3,5
gmx_setup/2019.1.4,5
gmx_editconf/2019.1.4,5
gffcompare/0.9.8,5
get_subontology_from,5
gemini_set_somatic/0.20.1,5
gemini_amend/0.20.1,5
fpocket/4.0.0,5
flash/1.2.11.3,5
fastqc/0.68,5
dgidb_annotator/0.1,5
deeptools_plot_pca/3.3.2.0.0,5
deeptools_alignmentsieve/3.5.1.0.0,5
dada2_seqCounts/1.14,5
ctb_silicos_qed/2021.03.4,5
create_or_update/4.2.5,5
collapse_dataset/5.1.0,5
chromeister/1.2,5
chira_collapse/1.2.0,5
cardinal_spectra_plots/2.6.0.2,5
bismark_bowtie2/0.22.1,5
bio_hansel/2.6.1,5
bg_sortmerna/2.1b.5,5
bg_diamond_view/2.0.8,5
bedtools_slopbed/2.30.0,5
bedtools_nucbed/2.29.2,5
bedtools_multiintersectbed/2.30.0,5
bedtools_mergebed/2.30.0,5
bedtools_maskfastabed/2.30.0,5
bedtools_jaccard/2.29.2,5
bedtools_intersectbed/2.27.0.1,5
bedtools_bed12tobed6/2.29.2,5
bedtools_annotatebed/2.30.0,5
bcftools_consensus/1.9,5
bbtools_bbmap/1.0.0.0.0,5
bax2bam/0.0.9,5
anndata_export/0.6.22.post1,5
ambertools_acpype/20.15,5
_ensembl_gtf2gene_list/1.52.0,5
TargetedFileConverter/2.6,5
MzMLSplitter/2.3.0,5
FileInfo/2.2.0,5
FeatureFinderCentroided/2.6,5
EMBOSS: splitter92/5.0.0.1,5
EMBOSS: megamerger53/5.0.0.1,5
EMBOSS: cpgplot15/5.0.0,5
CONVERTER_interval_to_bigwig_0,5
xarray_mapplot/0.18.2,4
wolf_psort/0.0.11,4
viennarna_rnaduplex/2.2.10.0,4
vcftools_subset/0.1,4
vcffixup/1.0.0_rc1,4
vcfcommonsamples/1.0.0_rc3,4
vcfcombine/1.0.0_rc3,4
vcfannotategenotypes/1.0.0_rc3,4
umi_tools_dedup/0.5.3.0,4
trinity_analyze_diff_expr/2.8.4,4
trinity_abundance_estimates_to_matrix/2.8.4,4
tp_find_and_replace/1.1.2,4
tb_profiler_profile/3.0.6,4
tabular_to_fastq/1.1.1,4
stoceps_maketablecarrer/0.0.2,4
stacks_cstacks/1.46.0,4
ssake/0.0.10,4
split_file_to_collection/0.1.1,4
snpEff/4.3k.0,4
snippy/4.4.3,4
sklearn_train_test_split/1.0.8.1,4
sklearn_regression_metrics/1.0.8.2,4
sklearn_numeric_clustering,4
sklearn_estimator_attributes/1.0.8.1,4
signalp3/0.0.19,4
seurat_read10x/3.2.3,4
seurat_read10x/3.1.1_0.0.6,4
seurat_read10x/3.1.1,4
seurat/4.0.5,4
secure_hash_message_digest,4
scanpy_run_tsne/1.3.2,4
scanpy_find_variable_genes/1.3.2,4
scanpy_find_markers/1.6.0,4
sarscov2formatter/0.1,4
samtools_mpileup/2.1.6,4
samtools_flagstat/2.0.4,4
sam_dump/2.11.0,4
sam_dump/2.10.9,4
rxlr_motifs/0.0.14,4
rseqc_inner_distance/2.6.4.1,4
rna_starsolo/2.7.2b1,4
repeatmodeler/2.0.2a,4
rbc_rnacode/0.3.1,4
rbc_mafft_add/7.505,4
rbc_mafft_add/7.489,4
raceid_main,4
quality_score_distribution/1.0.2,4
qualimap_rnaseq/2.2.2d,4
poretools_nucdist/0.6.1a1.0,4
plotly_regression_performance_plots/0.1,4
picard_RevertSam/2.18.2.1,4
phyml/3.3.20190909,4
peptide_genomic_coordinate/0.1.1,4
pangolin/2.3.8,4
pampa_plotglm/0.0.2,4
novoplasty/4.3.1,4
nextclade/1.4.1,4
nextclade/0.14.4,4
mspurity_puritya/1.12.0,4
mothur_summary_tax/1.39.5.0,4
mothur_remove_seqs/1.39.5.0,4
mothur_pre_cluster/1.39.5.0,4
mothur_merge_files/1.39.5.0,4
mothur_make_shared/1.39.5.0,4
mothur_make_contigs/1.36.1.0,4
mimodd_delcall/0.1.8_1,4
metaspades/3.9.0,4
metaquantome_stat/2.0.0-0,4
metaphlan_hclust_heatmap/2.6.0.0,4
metagenomeseq_normalizaton/1.16.0-0.0.1,4
mdanalysis_distance/1.0.0,4
md_slicer/1.9.7,4
maxquant_mqpar/1.6.10.43,4
mass_spectrometry_imaging_filtering/1.10.0.6,4
limma_voom/3.50.0,4
kc-align/0.2,4
jbrowse/0.7.0.3,4
ip_viz_overlay_moving_and_fixed_image/0.0.1,4
iframe/4.2.5,4
hyphy_prime/2.5.31,4
hyphy_prime/2.5.14,4
hyphy_conv/2.5.31,4
hicexplorer_hicplotviewpoint/3.4.3.0,4
hicexplorer_hicplotmatrix/3.4.3.0,4
hicexplorer_hicnormalize/3.4.2.0,4
hicexplorer_hicnormalize/3.3.1.0,4
hicexplorer_hichyperoptDetectLoops/3.6,4
goseq/1.26.0,4
goseq/0.2.2,4
gmx_npt/2019.1,4
gmx_md/2019.1,4
gmx_energy/2020.2,4
gmx_editconf/2021.3,4
glimmer_not_knowledge_based/3.02,4
gdal_gdalinfo/3.0.0,4
flaimapper/3.0.0-0,4
fastq_dump/2.10.8,4
egsea/1.20.0,4
eden_protease_prediction/0.9,4
dropletutils/1.2.1+2,4
dr_disco_classify/0.14.0,4
disco/1.2.1,4
delly_cnv/0.8.7,4
delly_call/0.9.1,4
dada2_plotQualityProfile/1.18,4
dada2_learnErrors/1.20,4
crosscontamination_barcode_filter/0.3,4
cp_mask_image/3.1.9,4
cp_identify_primary_objects/3.1.9,4
cp_convert_objects_to_image/3.1.9,4
circos_interval_to_text/0.69.8,4
circos_bundlelinks/0.69.8,4
circos_aln_to_links/0.69.8,4
chromhmm_seacr/1.3,4
chira_collapse/1.1.2,4
chipseeker/1.16.2,4
cardinal_spectra_plots/2.6.0.3,4
cardinal_mz_images/2.4.0.0,4
blastxml_to_tabular/0.3.3,4
bedtools_shufflebed/2.30.0,4
bedtools_jaccard/2.29.0,4
bedtools_coveragebed/2.27.1,4
bedtools_annotatebed/2.29.0,4
bcftools_call/1.9,4
bamtools/2.5.1,4
FileFilter/2.6,4
EMBOSS: polydot77/5.0.0.1,4
EMBOSS: palindrome65/5.0.0.1,4
EMBOSS: hmoment44/5.0.0.1,4
EMBOSS: diffseq22/5.0.0.1,4
EMBOSS: cpgreport16/5.0.0.1,4
EMBOSS: backtranseq2/6.6.0,4
CONVERTER_sdf_to_mol2,4
CONVERTER_sam_to_unsorted_bam,4
CONVERTER_sam_to_bigwig_0,4
Batch_correction/2.1.2,4
AccurateMassSearch/2.6,4
xpath/1.0.0,3
xcms_export_samplemetadata/3.4.4.0,3
w4mclassfilter/0.98.19,3
vt_normalize/0.1.0,3
vsearch_chimera_detection/2.8.3.0,3
viennarna_rnaup/2.2.10.0,3
vegan_diversity/2.4-3,3
vcftools_annotate/0.1,3
vcfcheck/1.0.0_rc1,3
vcfbreakcreatemulti/1.0.0_rc3,3
vcfbedintersect/1.0.0_rc1,3
umi_tools_whitelist/1.1.2,3
tximport/1.22.0,3
trycycler_subsample/0.4.2,3
trinotate/3.1.1,3
trinity_run_de_analysis/2.9.1,3
trinity_contig_exn50_statistic/2.9.1,3
trim_galore/0.2.8.1,3
transit_gumbel/3.0.2,3
tp_split_on_column/0.4,3
tp_sort_header_tool/1.1.0,3
tophat_fusion_post/0.1,3
thermo_raw_file_converter/1.3.4,3
thermo_raw_file_converter/1.1.2,3
tb_profiler_profile/3.0.8,3
stoceps_maketablecarrer/0.0.1,3
stacks_refmap/1.46.0,3
stacks2_tsv2bam/2.55,3
stacks2_denovomap/2.4,3
spyboat/0.1.1,3
solid2fastq,3
snp_dists/0.8.2,3
snpSift_filter/3.4,3
sklearn_train_test_split/1.0.8.3,3
sklearn_searchcv/1.0.8.1,3
sklearn_pca/1.0.8.2,3
sklearn_ensemble/1.0.8.3,3
seurat_scale_data/2.3.1,3
seurat/3.1.5,3
seurat/2.3.4,3
search_gui/3.3.3.0,3
scater_plot_pca/1.12.2,3
scanpy_scale_data/1.6.0,3
scanpy_run_pca/1.3.2,3
scanpy_read_10x/1.3.2,3
scanpy_normalise_data/1.7.2,3
scanpy_find_variable_genes/1.4.30,3
scanpy_filter_genes/1.3.2,3
sarscov2formatter/0.5.3,3
samtools_stats/2.0.1,3
samtools_slice_bam/2.0.2,3
samtools_bedcov/2.0.3,3
salmonquantmerge/0.14.1,3
sailfish/0.10.1.1,3
rseqc_read_NVC/2.6.4,3
rseqc_bam2wig/2.6.4,3
rsem_prepare_reference/1.1.17,3
rna_star/2.7.6a,3
ribotaper_create_annotation/0.1.0,3
replace_column_with_key_value_file/0.1,3
rdock_rbdock/0.1.3,3
raceid_filtnormconf/0.2.3,3
query_tabular/2.0.0,3
qiime_compare_categories/1.9.1.0,3
pyprophet_subsample/2.1.4.0,3
promoter2/0.0.12,3
prepare_ligand/1.5.7,3
prepare_box/2021.03.4,3
picard_RevertOriginalBaseQualitiesAndAddMateCigar/2.18.2.1,3
picard_ReorderSam/2.18.2.1,3
parmconv/19.11,3
pangolin/4.0.5,3
pangolin/3.1.14,3
pandas_rolling_window/0.1,3
pampa_glmsp/0.0.1,3
pampa_communitymetrics/0.0.2,3
openbabel_svg_depiction/2.4.2.2.0,3
ont_fast5_api_compress_fast5/3.1.3,3
obi_ngsfilter/1.2.13,3
obi_grep/1.2.13,3
obi_clean/1.2.11,3
nextclade/1.10.3,3
ncbi_rpsblast_wrapper/0.3.3,3
ncbi_dustmasker_wrapper/2.10.1,3
nanopolish_polya/0.13.2,3
naive_variant_caller/0.0.3,3
mummer_mummerplot/4.0.0rc1,3
mummer_dnadiff/4.0.0rc1,3
mothur_filter_seqs/1.39.5.0,3
mothur_dist_shared/1.39.5.0,3
mothur_chimera_vsearch/1.39.5.0,3
minimap2/2.24,3
minfi_read450k/2.1.0,3
metaquantome_filter/2.0.0-0,3
metaquantome_expand/1.0.0-0,3
metagene_annotator/1.0.0,3
melt/1.4.2,3
md_slicer/1.9.6,3
md_slicer/1.9.3,3
mash_screen/2.3,3
lofreq_filter/2.1.4,3
kraken-filter/1.3.1,3
kofamscan/1.3.0,3
khmer_abundance_distribution_single/3.0.0a3,3
je_demultiplex/1.2.1,3
ip_viz_overlay_moving_and_fixed_image/0.0.2,3
ip_binary_to_labelimage/0.4,3
hypo/1.0.3,3
humann_rename_table/3.0.0,3
humann2_split_table/0.11.1.1,3
humann2_rename_table/0.11.1.1,3
humann2_barplot/0.11.1.0,3
humann2/0.11.1.0,3
hmmer_hmmalign/0.1.0,3
hicexplorer_hicplotmatrix/3.6,3
hicexplorer_hicpca/3.6,3
hicexplorer_hicadjustmatrix/3.6,3
gprofiler_convert/0.1.71,3
goslimmer/1.0.1,3
gmx_setup/2018.2,3
gmx_energy/2020.4,3
gmx_em/2020.2,3
ggplot2_pca/3.3.5,3
gfa_to_fa/0.1.0,3
gecco/0.8.5,3
gatk4_mutect2/4.1.7.02,3
gatk4_mutect2/4.1.4.0,3
flye/2.9,3
flye/2.6,3
flashlfq/1.0.3.0,3
featurecounts/1.6.2,3
fastq_dump/2.11.0,3
fastq_dump/2.10.4,3
extract_transcript_to_gene_map_from_trinity/1.1.17,3
express/1.1.1,3
encyclopedia_walnut/0.9.5.0,3
edger/3.36.0,3
dexseq_count/1.28.1.1,3
deseq2/2.11.40.5,3
deeptools_plot_coverage/3.3.2.0.0,3
deeptools_bam_coverage/2.4.1.0,3
deeptools_bam_compare/3.0.2.0,3
dada2_plotComplexity/1.18,3
dada2_mergePairs/1.18,3
cummerbund_to_cuffdiff/1.0.1,3
cuffmerge/2.2.1.1,3
cuffdiff/2.2.1.6,3
ctb_frankenstein_ligand/0.1.1,3
ctb_chemfp_butina_clustering/0.2,3
cshl_fastx_barcode_splitter/1.0.0,3
cshl_fastx_artifacts_filter/1.0.1,3
cshl_fastq_quality_filter/1.0.1,3
crossmap_gff/0.3.7,3
crossmap_bam/0.5.2,3
circos_wiggle_to_stacked/0.69.8,3
chira_collapse/1.3.4,3
cardinal_quality_report/1.12.1.4,3
cardinal_mz_images/1.12.1.2,3
bwameth/0.2.3,3
bg_diamond/0.9.21.0,3
bedtools_windowbed/2.29.0,3
bedtools_unionbedgraph/2.30.0,3
bedtools_subtractbed/2.30.0,3
bedtools_closestbed/2.30.0,3
bedtools_bedtobam/2.29.2,3
bed_to_protein_map/0.2.0,3
bcftools_concat/1.10,3
abims_xcms_refine/3.12.0,3
OpenSwathDecoyGenerator/2.6,3
MAF_To_Fasta1,3
Heatmap/2.2.2,3
FalseDiscoveryRate/2.2.0,3
Extract genomic DNA 1/3.0.0,3
EMBOSS: trimseq103/5.0.0.1,3
EMBOSS: extractseq35/5.0.0,3
CONVERTER_vcf_bgzip_to_tabix_0,3
CONVERTER_interval_to_bgzip_0,3
CONVERTER_cram_to_bam_0,3
CONVERTER_Gro_to_Pdb_0,3
xmfa2gff3/2015_02_13.0,2
xarray_select/0.18.2,2
xarray_select/0.15.1,2
wsdl_hmdb/1.6.1,2
vsearch_sorting/2.8.3.0,2
viennarna_rnafold/2.2.10.3,2
vcfselectsamples/1.0.0_rc1,2
vcfhethom/1.0.0_rc3,2
vcfhethom/1.0.0_rc1,2
vcfgenotypes/1.0.0_rc1,2
vcfgeno2haplo/1.0.0_rc3,2
vcfcombine/0.0.1,2
vcfaddinfo/1.0.0_rc1,2
umi_tools_count/0.5.3.2,2
ucsc-twobittofa/357,2
trinotate/3.2.2,2
trinity_filter_low_expr_transcripts/2.9.1,2
trimns/0.1.0,2
traj_selections_and_merge/1.9.6,2
tracy_basecall/0.6.1,2
tp_cut_tool/1.0.0,2
tombo_resquiggle,2
tombo_plot_most_significant,2
term_id_vs_term_name,2
tag_pileup_frequency/1.0.2,2
tag_pileup_frequency/1.0.1,2
structure_to_gspan/0.3,2
stringtie/1.3.6,2
stoceps_glm/0.0.1,2
stacks2_refmap/2.4,2
stacks2_procrad/2.55,2
stacks2_kmerfilter/2.55,2
sqlite_to_tabular/5.0.0,2
spaln/2.4.6,2
snpeff_to_peptides/0.0.1,2
snpSift_int/4.3,2
snpEff_build_gb/4.3,2
snpEff/4.1.0,2
snippy_core/4.6.0,2
sklearn_train_test_eval/1.0.8.1,2
sklearn_svm_classifier/1.0.8.1,2
sklearn_searchcv/0.9,2
sklearn_generalized_linear/1.0.8.1,2
sklearn_estimator_attributes/1.0.8.2,2
sixgill_merge/0.2.4.0,2
sina/1.7.1,2
shyft_longitudes/0.1.0,2
shovill/1.0.4,2
seurat_scale_data/3.1.1_0.0.6,2
seurat_run_pca/3.1.1_0.0.6,2
seurat_read10x/2.3.1,2
seurat_normalise_data/3.1.1_0.0.6,2
seurat_find_variable_genes/3.1.1_0.0.6,2
seurat_find_markers/2.3.1,2
seurat/4.1.0,2
segemehl/0.2.0.3,2
search_gui/4.0.41,2
search_gui/4.0.22,2
search_gui/4.0.12,2
scater_plot_dist_scatter/1.12.2,2
scater_filter/1.12.2,2
scanpy_run_pca/1.6.0,2
scanpy_run_pca/1.4.30,2
scanpy_run_paga/1.4.3,2
scanpy_run_dpt/1.4.3,2
scanpy_integrate_mnn/1.6.0,2
scanpy_find_cluster/1.6.0,2
scanpy_filter_cells/1.6.0,2
scanpy_compute_graph/1.6.0,2
scanpy_compute_graph/1.3.2,2
sarscov2summary/0.1,2
samtools_sort/2.0,2
samtools_fixmate/1.13,2
sam2interval/1.0.1,2
salsa/2.2,2
salmon/1.5.1,2
ruvseq/1.26.0,2
rseqc_read_quality/2.6.4,2
rseqc_read_GC/2.6.4,2
rseqc_insertion_profile/2.6.4,2
rseqc_infer_experiment/2.4,2
rseqc_deletion_profile/2.6.4,2
rseqc_RPKM_count/2.4,2
rnaz/2.1.1,2
rnasnp/1.2.0,2
rna_quast/2.1.0,2
ribotaper_create_metaplots/0.1.0,2
replace_chromosome_names/0.1,2
rdock_rbcavity/0.1,2
raven/1.8.0,2
racon/1.3.1.1,2
racon/1.3.1,2
raceid_inspectclusters/3.0.2.1,2
quantwiz_iq/2.0,2
qualimap_counts/2.2.2c,2
qiime_summarize_taxa/1.9.1.0,2
qiime_collapse_samples/1.9.1.0,2
pureclip/1.0.4,2
proteinortho_summary/6.0.14.9.1,2
picrust_categorize/1.1.1.0,2
picard_artifact_metrics/2.18.2.1,2
picard_MarkDuplicates/2.18.2.3,2
picard_FixMateInformation/1.136.0,2
picard_FastqToSam/2.18.2.1,2
peptide_genomic_coordinate/1.0.0,2
pangolin/3.1.4,2
padel/2.21,2
openbabel_remIons/3.1.1,2
obi_uniq/1.2.13,2
obi_tab/1.2.11,2
nn_classifier/0.9,2
nextalign/0.1.6,2
ncbi_rpstblastn_wrapper/2.10.1,2
nanopolishcomp_freqmethcalculate/0.6.11,2
nanopolish_variants/0.11.1,2
mztab2tsv/4.4.1,2
mt2mq/1.0,2
mspurity_createmsp/1.12.0,2
mothur_sub_sample/1.39.5.0,2
mothur_rename_seqs/1.39.5.0,2
mothur_remove_rare/1.39.5.0,2
mothur_pcoa/1.39.5.0,2
mmpbsa_mmgbsa/19.11.1,2
mimodd_covstats/0.1.8_1,2
migmap/1.0.3,2
metilene/0.2-4.1,2
megan_blast2lca/6.21.7,2
medaka_consensus_pipeline/1.0.1,2
medaka_consensus/1.3.2,2
mash_screen/2.1,2
maker_map_ids/2.31.11,2
macs2_randsample/2.1.1.20160309.1,2
lumpy_sv/0.3.1,2
lighter/1.0,2
keras_batch_models/0.4.2,2
kallisto_pseudo/0.46.0.2,2
ivar_consensus/1.2,2
iqtree/1.5.5.1,2
ip_imageinfo/0.2,2
ip_2d_split_binaryimage_by_watershed/0.0.1,2
ip_2d_filter_segmentation_by_features/0.0.1,2
imagej2_math/3.0.0,2
imagej2_adjust_threshold_binary/3.0.0,2
idpquery/3.0.11392.0,2
humann_unpack_pathways/3.0.0,2
humann_regroup_table/3.0.0,2
humann2_unpack_pathways/0.11.1.1,2
humann2_split_stratified_table/0.11.1.0,2
humann2_rna_dna_norm/0.11.1.0,2
humann2_rename_table/0.11.1.0,2
humann2_regroup_table/0.9.9.0,2
humann2_join_tables/0.11.1.0,2
humann2/0.11.1.3,2
homer_gtf_to_annotations/4.11,2
hmmer_phmmer/3.3.2,2
hmmer_hmmsearch/3.3.2,2
hicexplorer_hicplotviewpoint/3.6,2
hicexplorer_hicplotsvl/3.6,2
hicexplorer_hicplotmatrix/3.3.1.0,2
hicexplorer_hicpca/3.4.3.0,2
hicexplorer_hicmergematrixbins/3.4.3.0,2
hicexplorer_hiccorrectmatrix/3.4.3.0,2
hicexplorer_hiccompartmentspolarization/3.4.3.0,2
heinz_scoring/1.0,2
hcluster_sg_parser/0.2.1,2
hcluster_sg/0.5.1.1,2
gspan/0.4,2
graphmap_overlap/0.5.2,2
graphicsmagick_image_montage/1.3.31,2
gops_cluster_1/1.0.0,2
gops_cluster_1/0.0.1,2
gmx_solvate/2019.1.4,2
gmx_setup/2019.1.5,2
gmx_nvt/2019.1,2
gmx_makendx/2020.4,2
gmx_makendx/2020.2,2
gmx_em/2019.1.5,2
ggplot2_heatmap/3.3.5,2
gff3.rebase/1.2,2
generic_filter/2017.06,2
gemini_roh/0.20.1,2
gdal_ogrinfo/3.0.0,2
funannotate_sort/1.8.9,2
footprint/1.0.0,2
filter_bed_on_splice_junctions/0.0.1,2
featurecounts/1.5.3,2
fastq_dump/2.8.1.3,2
fastpca/0.9.1,2
fasta_nucleotide_color_plot/1.0.1,2
fasplit/377,2
ete3_mod/3.1.1,2
enumerate_charges/0.1,2
dropletutils_empty_drops/1.0.4,2
drep_dereplicate/2.5.4.0,2
dotknot/1.3.1,2
dimspy_hdf5_to_txt/2.0.0,2
dimspy_align_samples/2.0.0,2
diffbind/2.6.6.0,2
diffbind/2.6.5.0,2
diapysef/0.3.5.0,2
deeptools_compute_matrix/3.5.1.0.0,2
deeptools_compute_gc_bias/3.3.2.0.0,2
deeptools_bam_pe_fragmentsize/3.3.2.0.0,2
dada2_mergePairs/1.12,2
dada2_makeSequenceTable/1.18,2
dada2_learnErrors/1.18,2
cufflinks/2.2.1.2,2
ctb_silicos_qed/2019.03.1,2
ctb_np-likeness-calculator/2.1,2
ctb_frankenstein_ligand/2013.1-0,2
ctb_chemfp_nxn_clustering/1.5.1,2
cshl_fasta_nucleotides_changer/1.0.2,2
crispr_studio/1,2
compress_file/0.1.0,2
collapse_dataset/4.1,2
cofold/2.0.4.0,2
clusterprofiler_bitr/0.1.0,2
chira_merge/1.4.3,2
chira_merge/1.3.7,2
checkFormat/3.0.0,2
cat_bins/5.0.3.1,2
cardinal_spectra_plots/2.6.0.0,2
cardinal_mz_images/2.6.0.2,2
cardinal_classification/1.12.1.3,2
build_ucsc_custom_track_1/1.0.0,2
bp_genbank2gff3/1.0,2
bowtie2/2.3.4.2,2
blastxml_to_gapped_gff3/1.1,2
blast_parser/0.1.2,2
biosigner/2.2.7,2
biom_convert/2.1.5.4,2
bg_protein_properties,2
bedtools_unionbedgraph/2.29.0,2
bedtools_nucbed/2.30.0,2
bedtools_multiintersectbed/2.29.0,2
bedtools_clusterbed/2.29.2,2
bedtools_closestbed/2.29.0,2
bedtools_bedtoigv/2.30.0,2
bcftools_call/1.10,2
basil/1.2.0,2
bamSplit/2.4.0,2
augustus_training/3.3.3,2
antismash/4.1,2
anndata_inspect/0.7.4,2
ambertools_antechamber/19.11,2
ambertools_acpype/21.3,2
TextExporter/2.3.0,2
TargetedFileConverter/2.5,2
PeakPickerHiRes/2.3.0,2
NMR_Read/3.3.0,2
MzTabExporter/2.6,2
MapAlignerPoseClustering/2.5,2
HighResPrecursorMassCorrector/2.6,2
FeatureLinkerUnlabeledQT/2.5,2
EMBOSS: wordcount109/5.0.0.1,2
EMBOSS: msbar55/5.0.0.1,2
EMBOSS: einverted28/5.0.0.1,2
EMBOSS: dotmatcher24/5.0.0.1,2
EMBOSS: degapseq20/5.0.0,2
EMBOSS: cutseq18/5.0.0.1,2
EMBOSS: compseq14/5.0.0.1,2
EMBOSS: cai_custom6/5.0.0,2
Digestor/2.6,2
CONVERTER_vcf_to_tabix_0,2
CONVERTER_interval_to_tabix_0,2
CONVERTER_Xtc_or_Trr_to_Dcd_0,2
CONVERTER_SMILES_to_sdf,2
CONVERTER_Pdb_to_Gro_0,2
BayeScan/2.1,2
10x_bamtofastq/1.4.1,2
xmfa2gff3/2015_02_13.1,1
xarray_netcdf2netcdf/0.20.2,1
xarray_coords_info/@TOOL_VERSION,1
xarray_coords_info/0.20.2,1
winnowmap/2.02,1
w4mjoinpn/0.98.2,1
vsearch_alignment/2.8.3.0,1
viennarna_rnaplot/2.2.10.0,1
viennarna_rnapkplex/2.2.10.0,1
viennarna_rnapaln/2.2.10.0,1
viennarna_rnainverse/2.2.10.0,1
viennarna_rnadistance/2.2.10.0,1
viennarna_rnacofold/2.2.10.0,1
viennarna_rnaalifold/2.2.10.1,1
velvetg,1
vcfselectsamples/1.0.0_rc3,1
vcfgeno2haplo/1.0.0_rc1,1
vcffixup/1.0.0_rc3,1
vcfdistance/1.0.0_rc3,1
vcfdistance/0.0.3,1
vcfcombine/1.0.0_rc1,1
vcfcheck/1.0.0_rc3,1
vcfannotategenotypes/1.0.0_rc1,1
vcfanno/0.3.2,1
vcfaddinfo/1.0.0_rc3,1
vcf_filter/1.0.0,1
vcf2pgSnp/1.0.0,1
varscan_somatic/2.4.3.5,1
varscan_mpileup/2.4.3.0,1
trycycler_subsample/0.5.3,1
trycycler_cluster/0.5.3,1
trycycler_cluster/0.4.2,1
trinity_samples_qccheck/2.8.4,1
trinity_run_de_analysis/2.8.4,1
trinity_filter_low_expr_transcripts/2.8.4,1
trinity_align_and_estimate_abundance/2.2.0.0,1
transtermhp/2.09.1,1
transit_hmm/3.0.2,1
transdecoder/3.0.1,1
tp_sort_rows/1.1.0,1
tp_replace_in_line/1.1.1,1
tp_grep_tool/1.1.0,1
tp_find_and_replace/1.1.1,1
thermo_raw_file_converter/1.3.2,1
tgsgapcloser/1.0.3,1
tb_variant_filter/0.3.5,1
tabular_to_fastq/1.0.0,1
tablemerge/1.0.1,1
t2t_report/1.0.0,1
svm_classifier,1
strelka_somatic/2.9.10,1
stoceps_glm/0.0.2,1
stacks_stats/1.46.0,1
stacks_clonefilter/1.46.0,1
stacks2_ustacks/2.55,1
stacks2_gstacks/2.55,1
sshmm/1.0.7,1
spring_minz/0.2,1
split_file_to_collection/0.2.0,1
spaln/2.4.7,1
snpSift_vcfCheck/4.3,1
snpSift_rmInfo/4.3,1
snpSift_geneSets/4.3.0,1
snpSift_dbnsfp/4.3.0,1
snpSift_annotate/4.3,1
smf_utils_estimate-energy/smf-v1.7-0_utils-v2.1.1-2,1
slamdunk/0.3.3,1
sklearn_train_test_eval/1.0.8.2,1
sklearn_stacking_ensemble_models/0.2.0,1
sklearn_searchcv/1.0.8.2,1
sklearn_numeric_clustering/1.0.8.3,1
sklearn_model_validation/1.0.7.10,1
sklearn_model_fit/1.0.8.2,1
sklearn_generalized_linear/1.0.7.12,1
sklearn_ensemble/1.0.8.1,1
sklearn_discriminant_classifier/1.0.8.2,1
sklearn_discriminant_classifier/1.0.8.1,1
sklearn_data_preprocess/1.0.8.2,1
sklearn_build_pipeline/1.0.8.1,1
sistr_cmd/1.0.2,1
seurat_scale_data/3.1.2,1
seurat_run_tsne/2.3.1,1
seurat_run_pca/3.1.2,1
seurat_run_pca/3.1.1,1
seurat_find_neighbours/3.1.2,1
seurat_find_markers/3.1.1,1
seurat_find_clusters/2.3.1,1
seurat_filter_cells/3.1.1_0.0.6,1
seurat_export_cellbrowser/3.1.2,1
seurat_export_cellbrowser/3.1.1_0.0.6,1
seurat_export_cellbrowser/2.3.1,1
seurat_dim_plot/3.1.1_0.0.6,1
seurat_dim_plot/3.1.1,1
seurat_create_seurat_object/2.3.1,1
seq_composition/0.0.5,1
search_gui/2.9.0,1
schicexplorer_schicclustercompartments/4.0,1
schicexplorer_schicadjustmatrix/4.0,1
sccaf_asses/0.0.9,1
scater_plot_pca/1.20.0,1
scater_create_qcmetric_ready_sce/1.20.0,1
scanpy_scale_data/1.8.1,1
scanpy_run_umap/1.7.2,1
scanpy_run_umap/1.6.0,1
scanpy_run_tsne/1.8.1,1
scanpy_run_fdg/1.4.3,1
scanpy_read_10x/1.8.1,1
scanpy_read_10x/1.6.0,1
scanpy_normalise_data/1.6.0,1
scanpy_normalise_data/1.3.2,1
scanpy_integrate_harmony/1.6.0,1
scanpy_find_variable_genes/1.7.2,1
scanpy_find_variable_genes/1.6.0,1
scanpy_find_markers/1.7.2,1
scanpy_filter_genes/1.7.2,1
scanpy_filter_genes/1.6.0,1
scanpy_filter_cells/1.3.2,1
scanpy_compute_graph/1.4.30,1
sansa_annotate/0.0.8,1
samtools_split/1.1,1
samtools_sort/2.0.4,1
samtools_sort/1.0.2,1
samtools_phase/2.0.1,1
samtools_flagstat/2.0,1
samtools_bam_to_cram/1.9,1
sam_pileup/1.1.1,1
sam_bw_filter/1.0.0,1
rxdock_rbcavity/0.1.5,1
ruvseq/1.12.0,1
run_sccaf/0.0.9,1
rseqc_tin/2.6.4,1
rseqc_read_distribution/2.6.4,1
rseqc_junction_saturation/2.6.4.1,1
rnalfoldz,1
rna_starsolo/2.7.8a,1
rna_star/2.5.2b-1,1
regionalgam_gls/1.5,1
regionalgam_glmmpql/1.5,1
regionalgam_flight_curve/1.5,1
regionalgam_ab_index/1.5,1
reactome_pathwaymatcher/1.9.1.3,1
rdock_rbdock/0.1.2,1
rbc_mafft_add/7.487,1
raven/1.2.2,1
raceid_filtnormconf/3.0.2.1,1
query_tabular/3.3.0,1
quantp/1.1.2,1
quality_metrics/2.2.8,1
qualimap_multi_bamqc/2.2.2c,1
qiime_split_libraries/1.9.1.0,1
qiime_make_otu_heatmap/1.9.1.0,1
qiime_core_diversity/1.9.1.0,1
qiime_beta_diversity_through_plots/1.9.1.0,1
qiime_beta_diversity/1.9.1.0,1
proteomics_search_protein_prophet_1,1
proteinortho/6.0.32,1
pretext_snapshot/0.0.3,1
pretext_map/0.1.9,1
prepare_ligands_for_docking/2.4.2.2.0,1
prepare_box/0.1.0,1
preMloc/0.3,1
poretools_times/0.6.1a1.0,1
poretools_occupancy/0.6.1a1.0,1
poisson2test/1.0.0,1
plotly_parallel_coordinates_plot/0.1,1
plotly_ml_performance_plots/0.1,1
plot_for_lda_output1/1.0.1,1
piranha/0.1.0,1
pipmir/0.1.0,1
pileometh/0.5.2,1
picrust_compare_biom/1.1.1.0,1
picard_FixMateInformation/2.18.2.1,1
picard_BedToIntervalList/2.18.2.1,1
picard_AddOrReplaceReadGroups/1.136.0,1
pdbfixer/1.8.1,1
parmconv/21.10,1
pampa_presabs/0.0.2,1
pampa_glmcomm/0.0.2,1
pampa_glmcomm/0.0.1,1
pampa_communitymetrics/0.0.1,1
orthofinder_onlygroups/2.4.0,1
openbabel_structure_distance_finder/0.1.0,1
openbabel_remSmall/2.4.2.2.0,1
openbabel_remDuplicates/3.1.1,1
openbabel_multi_obgrep/2.4.1.0,1
openbabel_genProp/2.4.2.2.0,1
openbabel_filter/3.1.1,1
openbabel_filter/2.4.2.2.1,1
openbabel_addh/3.1.1,1
onto_tk_obo2owl/1.45.0,1
onto_tk_get_root_terms/1.45.0,1
obi_ngsfilter/1.2.11,1
obi_annotate/1.2.13,1
nextclade/1.3.0,1
nextclade/1.10.1,1
nextalign/1.4.1,1
nextalign/1.10.2,1
ncbi_rpstblastn_wrapper/0.3.3,1
ncbi_makeblastdb/0.3.3,1
ncbi_eutils_efetch/1.2,1
ncbi_blastdbcmd_info/2.10.1,1
nanopolish_polya/0.11.1,1
nanopolish_eventalign/0.13.2,1
myrimatch/3.0.11579.0,1
multiqc/1.2.0,1
mt2mq/1.1.0,1
msstats/3.22.0.0,1
mspurity_spectralmatching/1.12.0,1
mspurity_purityx/1.12.0,1
mspurity_averagefragspectra/1.12.0,1
mothur_venn/1.39.5.0,1
mothur_trim_seqs/1.39.5.0,1
mothur_tree_shared/1.36.1.0,1
mothur_summary_single/1.39.5.0,1
mothur_rarefaction_single/1.36.1.0,1
mothur_merge_count/1.39.5.0,1
mothur_heatmap_sim/1.36.1.0,1
mothur_get_relabund/1.39.5.0,1
mothur_chimera_uchime/1.39.5.0,1
monocle3_partition/0.1.4,1
monocle3_create/0.1.4,1
model_prediction/1.0.8.2,1
model_prediction/1.0.8.1,1
mixmodel/1.0.0,1
mitohifi/2,1
minfi_rset/1.28.0,1
minfi_maptogenome/1.28.0,1
minfi_dropsnp/1.28.0,1
metilene/0.2.6.1,1
metaquantome_viz/2.0.1,1
metaquantome_stat/2.0.2,1
metaquantome_sample/2.0.1,1
metaquantome_filter/1.0.0-0,1
metaquantome_expand/2.0.2,1
metaphlan/3.0.7,1
metams_runGC/2.1.1,1
metaeuk_easy_predict/4.a0f584d,1
metaeuk_easy_predict/2.ddf2742,1
meme_dreme/4.11.2.0,1
megablast_xml_parser/1.0.1,1
megablast_xml_parser/1.0.0,1
medaka_consensus/1.0.1,1
mdanalysis_hbonds/1.0.0,1
md_converter/1.9.3.1,1
maker_map_ids/2.31.10,1
magicblast/1.6.0,1
macs2_callpeak/2.1.1.20160309.5,1
lumpy_prep/0.3.1,1
lorikeet_spoligotype/20,1
locarna_multiple/1.9.0.1,1
lipidmaps/2018-10-02,1
lda_analy1/1.0.1,1
lcmsmatching/4.0.2,1
last_db/1205,1
kraken/1.3.1,1
kpca1/1.0.0,1
keras_batch_models/0.5.0,1
karyotype_Plot_1/1.0.0,1
jbrowse_to_standalone/1.16.9,1
jamm/1.0.7,1
iwtomics_plotwithscale/1.0.0.0,1
ivar_filtervariants/1.2.2,1
ivar_filtervariants/1.2.1,1
ip_wsi_extract_top_view/0.2,1
ip_merge_neighbours_in_label/0.3,1
ip_count_objects/0.0.4,1
interactive_tool_panoply,1
infernal_cmstat/1.1.2.0,1
imagej2_smooth/3.0.0,1
imagej2_bunwarpj_raw_transform/3.0.0,1
imagej2_bunwarpj_convert_to_raw/3.0.0,1
imagej2_bunwarpj_align/3.0.0,1
imagej2_binary_to_edm/3.0.0,1
imagej2_analyze_skeleton/3.0.0,1
iframe/4.2.1,1
iedb_api/2.15.1,1
idpquery/3.0.11579.0,1
idpassemble/3.0.11579.0,1
idconvert/3.0.0,1
hyphy_summary/1.0.0,1
hyphy_gard/2.5.31,1
hyphy_cfel/2.5.31,1
hyphy_absrel/2.5.29,1
hyphy_absrel/2.5.14,1
humann_split_stratified_table/3.0.0,1
humann_join_tables/3.0.0,1
humann2_split_stratified_table/0.11.1.1,1
humann2_reduce_table/0.11.1.1,1
humann2_join_tables/0.11.1.1,1
hmmer_nhmmer/3.3,1
hmmer_jackhmmer/3.3.2,1
hmmer_jackhmmer/3.3,1
hmmer_jackhmmer/0.1.0,1
hmmer_hmmscan/3.3.2,1
hmmer_hmmscan/3.3,1
hmmer_hmmfetch/0.1.0,1
hmmer_hmmbuild/3.3.2,1
hifive/0.1.0,1
hicup_truncater/0.6.1.0,1
hicup_hicup/0.6.1.0,1
hicup_digester/0.6.1.0,1
hicexplorer_hicplotviewpoint/2.1.4.0,1
hicexplorer_hicplotaverageregions/3.4.3.0,1
hicexplorer_hicinfo/3.4.1.0,1
hicexplorer_hiccorrectmatrix/3.6,1
hicexplorer_hicconvertformat/3.4.2.0,1
hicexplorer_hiccompartmentspolarization/3.4.1.0,1
hicexplorer_hiccomparematrices/3.4.1.0,1
heinz/1.0,1
hardklor/2.30.1,1
gstf_preparation/0.4.1,1
group_humann2_uniref_abundances_to_go/1.2.0,1
gromacs_modify_topology/0,1
graphembed/2.4.0,1
graphclust_glob_report_no_align/0.5,1
graphclust_align_cluster/0.1,1
gops_intersect_1/0.0.1,1
gops_complement_1/1.0.0,1
gops_basecoverage_1/1.0.0,1
gmx_sim/2019.1.5.1,1
gmx_restraints/2020.4,1
gmx_makendx/2021.3,1
gmx_energy/2021.3,1
gmx_em/2021.3,1
gmx_em/2019.1.4,1
glob_report/0.4,1
glimmer_build-icm/0.2,1
ggplot2_violin/3.3.5,1
gffread/2.2.1.1,1
gff_filter_by_attribute,1
gfastats/1.2.0,1
get_sequences/0.1.2,1
get_flanks1/0.0.1,1
generate_matrix_for_pca_and_lda1/1.0.0,1
gemini_lof_sieve/0.20.1,1
gemini_interactions/0.20.1,1
gemini_fusions/0.20.1,1
gemini_actionable_mutations/0.20.1,1
gdal_ogr2ogr/3.0.0,1
gdal_gdal_translate/3.0.0,1
gd_raxml/1.0.0,1
gatk4_mutect2/4.1.7.0,1
galaxy_intermine_exchange/0.0.1,1
funannotate_predict/1.8.9,1
freebayes_wrapper/0.5.0,1
freebayes/1.3.5,1
fpocket/3.1.3,1
filtlong/0.2.1,1
filter_by_fasta_ids/1.0,1
ffindex_dbkit_create/0.2,1
featurecounts/1.6.0.7,1
featurecounts/1.4.6.p5,1
feat_from_gff3/4.2.5,1
fastqc/0.65,1
fastq_masker_by_quality/1.1.5,1
fasta_compute_length/1.0.2,1
fasta_compute_length/1.0.0,1
fasta_cli/4.0.25,1
ete_init_taxdb/3.1.1,1
ete_homology_classifier/3.1.1,1
encyclopedia_fasta_to_prosit_csv/0.9.5.0,1
egsea/1.6.0.1,1
edger/3.16.5,1
ecology_homogeneity_normality/0.0.0,1
dropletutils_read_10x/1.0.4,1
dropletutils_empty_drops/1.0.3,1
dropletutils/1.2.1,1
drep_compare/3.2.2,1
dr_disco_detect/0.14.0,1
dividePgSnp/1.0.0,1
dimspy_replicate_filter/2.0.0,1
dimspy_blank_filter/2.0.0,1
diffbind/2.6.6.4,1
diffbind/2.2.2,1
diff/3.6,1
dialignr/1.2.0,1
deseq2/2.1.8.3,1
delly_lr/0.9.1,1
delly_lr/0.8.7,1
delly_cnv/0.9.1,1
deeptools_plot_profile/3.0.1.0,1
deeptools_plot_coverage/3.0.2.0,1
deeptools_correct_gc_bias/3.3.2.0.0,1
decoyfasta/0.2.0,1
dada2_removeBimeraDenovo/1.20,1
dada2_dada/1.12,1
cuffquant/2.2.1.1,1
cuffmerge/0.0.5,1
cuffcompare/2.2.1.2,1
ctb_simsearch/0.2,1
ctb_silicos_qed/0.1,1
ctb_im_cluster_butina/1.1.4,1
ctb_alignit_create_db/0.1,1
cshl_fastq_quality_filter/1.0.0,1
cshl_fastq_quality_boxplot/1.0.1,1
crossmap_bed/0.5.2,1
cp_relate_objects/3.1.9,1
cp_measure_texture/3.1.9,1
cp_measure_object_size_shape/3.1.9,1
cor2/1.0.0,1
compute_motifs_frequency/1.0.0,1
cmcv/1.0.8,1
circos_binlinks/0.69.8,1
circos/0.69.8,1
chromeister/1.3.c,1
chira_quantify/1.3.7,1
chira_map/1.3.7,1
chira_collapse/1.3.3,1
chira_collapse/1.3.1,1
cca1/1.0.0,1
cat_bins/5.0.3.0,1
cardinal_spectra_plots/2.4.0.0,1
cardinal_spectra_plots/2.10.0.0,1
cardinal_segmentations/2.4.0.0,1
cardinal_preprocessing/2.4.0.2,1
cardinal_mz_images/2.6.0.1,1
cardinal_mz_images/2.10.0.0,1
cardinal_data_exporter/2.6.0.0,1
cardinal_combine/2.6.0.0,1
canu/1.8,1
bwa_wrapper/1.2.3,1
blockbuster,1
biom_convert/2.1.10,1
bioext_bealign/0.20.4,1
bio3d_pca/2.3.4,1
bg_protein_properties/0.1.0,1
bg_diamond/2.0.8.0,1
bedtools_unionbedgraph/2.29.2,1
bedtools_sortbed/2.29.0,1
bedtools_sortbed/2.27.0.0,1
bedtools_slopbed/2.27.1,1
bedtools_randombed/2.30.0,1
bedtools_makewindowsbed/2.30.0,1
bedtools_flankbed/2.29.2,1
bedtools_flankbed/2.29.0,1
bedtools_coveragebed/2.27.0.2,1
bedtools_clusterbed/2.29.0,1
bedtools_bedtoigv/2.27.1,1
bedtools_bed12tobed6/2.29.0,1
bed_to_bigBed,1
bctools_merge_pcr_duplicates/0.2.2,1
bcftools_stats/1.10,1
bcftools_query/1.10,1
bcftools_plugin_color_chrs/1.10,1
bcftools_cnv/1.10,1
bamleftalign/1.3.5,1
bam_to_scidx/1.0.1,1
bamFilter/0.0.1,1
augustus_training/3.2.3,1
augustus/3.1.0,1
artic_guppyplex/1.2.1,1
annotatemyids/3.5.0.1,1
anndata_ops/1.8.1,1
anndata_ops/1.6.0,1
anndata_manipulate/0.7.4,1
alphafold/2.0.0,1
alleyoop/0.4.1,1
abyss-pe/2.2.3,1
abricate/0.8,1
abims_anova/1.2.1,1
_salmon_kallisto_mtx_to_10x/0.0.1,1
XTandemAdapter/2.2.0.1,1
Univariate/2.2.4,1
TargetedFileConverter,1
RNAlien/1.3.6,1
QCCalculator/2.6,1
PeptideIndexer/2.2.0,1
OpenSwathWorkflow/2.5,1
OpenSwathDecoyGenerator/2.5,1
OpenSwathAssayGenerator/2.6,1
OpenSwathAssayGenerator/2.5,1
OMSSAAdapter/2.6,1
NmrNormalization/1.0.1,1
NmrAlignment/2.0.4,1
MetaboliteAdductDecharger/2.5,1
MapAlignerPoseClustering/2.6,1
MSGFPlusAdapter/2.2.0,1
LowMemPeakPickerHiRes_RandomAccess/2.3.0,1
IDScoreSwitcher/2.3.0,1
IDScoreSwitcher/2.2.0,1
IDFilter/2.2.0,1
FileConverter/2.3.0,1
FidoAdapter/2.3.0,1
FidoAdapter/2.2.0.1,1
FeatureLinkerUnlabeledQT/2.6,1
FeatureFinderMultiplex/2.2.0,1
EMBOSS: trimest102/5.0.0.1,1
EMBOSS: seqmatchall83/5.0.0.1,1
EMBOSS: plotorf76/5.0.0,1
EMBOSS: plotcon75/5.0.0.1,1
EMBOSS: pepwindowall74/5.0.0.1,1
EMBOSS: patmatdb67/5.0.0,1
EMBOSS: iep45/5.0.0.1,1
EMBOSS: garnier40/5.0.0,1
EMBOSS: etandem33/5.0.0.1,1
EMBOSS: dotpath25/5.0.0,1
EMBOSS: digest23/5.0.0,1
EMBOSS: chips10/5.0.0,1
Draw_phylogram/1.0.0,1
DecoyDatabase/2.5,1
DecoyDatabase/2.3.0,1
CONVERTER_wiggle_to_interval_0,1
CONVERTER_molecules,1
CONVERTER_mol_to_mol2,1
CONVERTER_mol2_to_sdf,1
CONVERTER_interval_to_bed6_0,1
CONVERTER_biom2_to_biom1,1
CONVERTER_bed_to_tabix_0,1
CONVERTER_SMILES_to_MOL2,1
AssayGeneratorMetabo/2.6,1
